run_date,fetched_at,category,sub_category,listing_id,title,address,price_text,price_yen,area_sqm,area_tsubo,unit_price_per_sqm,unit_price_per_tsubo,detail_text,detail_url
2026-02-07,2026-02-07T09:21:29,rent,賃貸,https://suumo.jp/chintai/jnc_000104608657/,クレイノディアコート,東京都世田谷区奥沢2,12.2万,122000.0,,,,,2階 | - 12.2万円 | 1K 24.63m 2,https://suumo.jp/chintai/jnc_000104608657/
2026-02-07,2026-02-07T09:21:29,rent,賃貸,https://suumo.jp/chintai/jnc_000104614777/,THE OAKS自由が丘Luxe,東京都世田谷区奥沢4,12.5万,125000.0,,,,,1-2階 | - 6.25万円 | 1K 30.27m 2,https://suumo.jp/chintai/jnc_000104614777/
2026-02-07,2026-02-07T09:21:29,rent,賃貸,https://suumo.jp/chintai/jnc_000104148987/,原口邸,東京都世田谷区奥沢1,35万,350000.0,,,,,1階 | - 52.5万円 | 4LDK 111.3m 2,https://suumo.jp/chintai/jnc_000104148987/
2026-02-07,2026-02-07T09:21:29,rent,賃貸,https://suumo.jp/chintai/jnc_000102448572/,東玉川1丁目H邸,東京都世田谷区東玉川1,26.5万,265000.0,,,,,1階 | 26.5万円 26.5万円 | 3LDK 92.4m 2,https://suumo.jp/chintai/jnc_000102448572/
2026-02-07,2026-02-07T09:21:29,rent,賃貸,https://suumo.jp/chintai/jnc_000104745405/,カーサデルソーレI,東京都世田谷区東玉川1,18.5万,185000.0,,,,,1-2階 | - 18.5万円 | 2LDK 67.7m 2,https://suumo.jp/chintai/jnc_000104745405/
2026-02-07,2026-02-07T09:21:29,rent,賃貸,https://suumo.jp/chintai/jnc_000104608658/,chateau de bliss,東京都世田谷区奥沢2,14.9万,149000.0,,,,,1階 | 14.9万円 14.9万円 | 1LDK 31.7m 2,https://suumo.jp/chintai/jnc_000104608658/
2026-02-07,2026-02-07T09:21:29,rent,賃貸,https://suumo.jp/chintai/jnc_000104357059/,TWEED奥沢,東京都世田谷区奥沢1,32.8万,328000.0,,,,,1階 | 32.8万円 - | 1LDK 65.58m 2,https://suumo.jp/chintai/jnc_000104357059/
2026-02-07,2026-02-07T09:21:29,rent,賃貸,https://suumo.jp/chintai/jnc_000082046222/,ヴィクトワール奥沢,東京都世田谷区奥沢3,9万,90000.0,,,,,1階 | 9万円 18万円 | 1K 26.08m 2,https://suumo.jp/chintai/jnc_000082046222/
2026-02-07,2026-02-07T09:21:29,rent,賃貸,https://suumo.jp/chintai/jnc_000104608659/,アトリオフラッツ自由が丘east,東京都世田谷区奥沢2,14.5万,145000.0,,,,,1階 | 14.5万円 - | 1K 25.33m 2,https://suumo.jp/chintai/jnc_000104608659/
2026-02-07,2026-02-07T09:21:29,rent,賃貸,https://suumo.jp/chintai/jnc_000104709276/,ハイテール田園調布,東京都世田谷区東玉川2,9万,90000.0,,,,,1階 | 9万円 9万円 | 1K 28.25m 2,https://suumo.jp/chintai/jnc_000104709276/
2026-02-07,2026-02-07T09:21:29,rent,賃貸,https://suumo.jp/chintai/jnc_000104668695/,ルポ・ルアナ,東京都世田谷区奥沢5,11万,110000.0,,,,,1階 | 11万円 11万円 | ワンルーム 28m 2,https://suumo.jp/chintai/jnc_000104668695/
2026-02-07,2026-02-07T09:21:29,rent,賃貸,https://suumo.jp/chintai/jnc_000104735628/,AZ HOUSE,東京都世田谷区奥沢4,8万,80000.0,,,,,1階 | 8万円 8万円 | 1K 18.79m 2,https://suumo.jp/chintai/jnc_000104735628/
2026-02-07,2026-02-07T09:21:29,rent,賃貸,https://suumo.jp/chintai/jnc_000099971767/,ドミールおくさわ,東京都世田谷区奥沢3,6.7万,67000.0,,,,,1階 | 6.7万円 6.7万円 | 1K 20m 2,https://suumo.jp/chintai/jnc_000099971767/
2026-02-07,2026-02-07T09:21:29,rent,賃貸,https://suumo.jp/chintai/jnc_000067883390/,OLIO奥沢,東京都世田谷区奥沢3,7.5万,75000.0,,,,,5階 | 7.5万円 7.5万円 | ワンルーム 19.11m 2,https://suumo.jp/chintai/jnc_000067883390/
2026-02-07,2026-02-07T09:21:29,rent,賃貸,https://suumo.jp/chintai/jnc_000099971768/,東急目黒線 奥沢駅 2階建 築37年,東京都世田谷区奥沢3,6.7万,67000.0,,,,,1階 | 6.7万円 6.7万円 | 1K 20m 2,https://suumo.jp/chintai/jnc_000099971768/
2026-02-07,2026-02-07T09:21:29,rent,賃貸,https://suumo.jp/chintai/jnc_000104582577/,シェソワ奥沢,東京都世田谷区奥沢3,8.5万,85000.0,,,,,1階 | 8.5万円 8.5万円 | 1K 22.64m 2,https://suumo.jp/chintai/jnc_000104582577/
2026-02-07,2026-02-07T09:21:29,rent,賃貸,https://suumo.jp/chintai/jnc_000104745324/,ベルデ自由が丘B,東京都世田谷区奥沢5,7.5万,75000.0,,,,,1階 | 7.5万円 - | ワンルーム 22.2m 2,https://suumo.jp/chintai/jnc_000104745324/
2026-02-07,2026-02-07T09:21:29,rent,賃貸,https://suumo.jp/chintai/jnc_000103771174/,奥沢エンゼルマンション,東京都世田谷区奥沢4,5万,50000.0,,,,,5階 | 5万円 5万円 | 1K 13.2m 2,https://suumo.jp/chintai/jnc_000103771174/
2026-02-07,2026-02-07T09:21:29,rent,賃貸,https://suumo.jp/chintai/jnc_000102538244/,緑が丘ハイツ,東京都世田谷区奥沢2,7.9万,79000.0,,,,,3階 | 7.9万円 7.9万円 | 1K 19.75m 2,https://suumo.jp/chintai/jnc_000102538244/
2026-02-07,2026-02-07T09:21:29,rent,賃貸,https://suumo.jp/chintai/jnc_000104725298/,東急目黒線 奥沢駅 3階建 築3年,東京都世田谷区東玉川1,8.7万,87000.0,,,,,1階 | 8.7万円 8.7万円 | 1K 21.89m 2,https://suumo.jp/chintai/jnc_000104725298/
2026-02-07,2026-02-07T09:21:29,rent,賃貸,100384361052,グローリー玉堤,東京都世田谷区玉堤1,6.2万,62000.0,,,,,2階 | 6.2万円 6.2万円 | 1K 21.72m 2,https://suumo.jp/chintai/jnc_000091093034/?bc=100384361052
2026-02-07,2026-02-07T09:21:29,rent,賃貸,100484215874,サクラプレザン,東京都世田谷区深沢4,5.5万,55000.0,,,,,3階 | 5.5万円 5.5万円 | 1K 18.62m 2,https://suumo.jp/chintai/jnc_000072929603/?bc=100484215874
2026-02-07,2026-02-07T09:21:29,rent,賃貸,100486126611,パルク深沢III,東京都世田谷区深沢1,7.4万,74000.0,,,,,3階 | - 7.4万円 | ワンルーム 23.68m 2,https://suumo.jp/chintai/jnc_000097224772/?bc=100486126611
2026-02-07,2026-02-07T09:21:29,rent,賃貸,100486126612,パルク深沢III,東京都世田谷区深沢1,7.7万,77000.0,,,,,3階 | - 7.7万円 | ワンルーム 24.76m 2,https://suumo.jp/chintai/jnc_000097224773/?bc=100486126612
2026-02-07,2026-02-07T09:21:29,rent,賃貸,100483843366,シェ-ル,東京都世田谷区深沢4,6.5万,65000.0,,,,,1階 | 6.5万円 6.5万円 | ワンルーム 14.58m 2,https://suumo.jp/chintai/jnc_000104211502/?bc=100483843366
2026-02-07,2026-02-07T09:21:29,rent,賃貸,100338139040,アンビエンテ深沢,東京都世田谷区深沢4,6.6万,66000.0,,,,,1階 | 6.6万円 6.6万円 | ワンルーム 19.85m 2,https://suumo.jp/chintai/jnc_000082408653/?bc=100338139040
2026-02-07,2026-02-07T09:21:29,rent,賃貸,100329488122,アンビエンテ深沢,東京都世田谷区深沢4,6.7万,67000.0,,,,,2階 | 6.7万円 6.7万円 | ワンルーム 19.94m 2,https://suumo.jp/chintai/jnc_000100024690/?bc=100329488122
2026-02-07,2026-02-07T09:21:29,rent,賃貸,100305950978,アンビエンテ深沢,東京都世田谷区深沢4,6.7万,67000.0,,,,,1階 | 6.7万円 6.7万円 | ワンルーム 19.94m 2,https://suumo.jp/chintai/jnc_000100024689/?bc=100305950978
2026-02-07,2026-02-07T09:21:29,rent,賃貸,100208223176,アンビエンテ深沢,東京都世田谷区深沢4,6.7万,67000.0,,,,,2階 | 6.7万円 6.7万円 | ワンルーム 19.94m 2,https://suumo.jp/chintai/jnc_000096102789/?bc=100208223176
2026-02-07,2026-02-07T09:21:29,rent,賃貸,100426195216,田園調布リバ-サイドハイツ,東京都世田谷区玉堤1,5.3万,53000.0,,,,,4階 | 5.3万円 5.3万円 | ワンルーム 16m 2,https://suumo.jp/chintai/jnc_000068200548/?bc=100426195216
2026-02-07,2026-02-07T09:21:29,rent,賃貸,100476531719,間島アパート,東京都世田谷区玉堤1,4.5万,45000.0,,,,,2階 | 4.5万円 4.5万円 | ワンルーム 15.73m 2,https://suumo.jp/chintai/jnc_000091086478/?bc=100476531719
2026-02-07,2026-02-07T09:21:29,rent,賃貸,100476308252,サンワード深沢,東京都世田谷区深沢3,8.5万,85000.0,,,,,2階 | 8.5万円 8.5万円 | ワンルーム 27.62m 2,https://suumo.jp/chintai/jnc_000092740956/?bc=100476308252
2026-02-07,2026-02-07T09:21:29,rent,賃貸,100478911919,クリスティー深沢,東京都世田谷区深沢2,15万,150000.0,,,,,4階 | 15万円 15万円 | ワンルーム 34.97m 2,https://suumo.jp/chintai/jnc_000103605556/?bc=100478911919
2026-02-07,2026-02-07T09:21:29,rent,賃貸,100475580069,深沢テラス,東京都世田谷区深沢2,20万,200000.0,,,,,2階 | 20万円 20万円 | 1SLDK 58.32m 2,https://suumo.jp/chintai/jnc_000103182912/?bc=100475580069
2026-02-07,2026-02-07T09:21:29,rent,賃貸,100486160119,東急東横線 自由が丘駅 3階建 築8年,東京都世田谷区深沢2,14.5万,145000.0,,,,,3階 | 14.5万円 14.5万円 | 1LDK 40.87m 2,https://suumo.jp/chintai/jnc_000104509981/?bc=100486160119
2026-02-07,2026-02-07T09:21:29,rent,賃貸,100487649113,サニーヒルズ,東京都世田谷区奥沢5,13.5万,135000.0,,,,,2階 | 13.5万円 27万円 | 1LDK 34.68m 2,https://suumo.jp/chintai/jnc_000103919766/?bc=100487649113
2026-02-07,2026-02-07T09:21:29,rent,賃貸,100487610732,リベロ,東京都世田谷区奥沢4,14.5万,145000.0,,,,,- | 14.5万円 - | 2LDK 57.83m 2,https://suumo.jp/chintai/jnc_000104426082/?bc=100487610732
2026-02-07,2026-02-07T09:21:29,rent,賃貸,100486084289,フレンシア玉川田園調布,東京都世田谷区玉川田園調布2,20万,200000.0,,,,,2階 | 20万円 20万円 | 1LDK 42m 2,https://suumo.jp/chintai/jnc_000104499353/?bc=100486084289
2026-02-07,2026-02-07T09:21:29,rent,賃貸,100487717906,フレンシア玉川田園調布,東京都世田谷区玉川田園調布2,20万,200000.0,,,,,2階 | 20万円 20万円 | 1LDK 41.84m 2,https://suumo.jp/chintai/jnc_000104689331/?bc=100487717906
2026-02-07,2026-02-07T09:21:29,rent,賃貸,100487764510,マノワール自由が丘,東京都世田谷区奥沢6,15.9万,159000.0,,,,,2階 | 15.9万円 - | 1LDK 46.17m 2,https://suumo.jp/chintai/jnc_000104745325/?bc=100487764510
2026-02-07,2026-02-07T09:21:29,rent,賃貸,100487679515,東急東横線 自由が丘駅 3階建 築44年,東京都目黒区自由が丘1,15万,150000.0,,,,,3階 | 15万円 15万円 | 1LDK 45.45m 2,https://suumo.jp/chintai/jnc_000104699532/?bc=100487679515
2026-02-07,2026-02-07T09:21:29,rent,賃貸,100487711095,東急東横線 自由が丘駅 3階建 築44年,東京都目黒区自由が丘1,15万,150000.0,,,,,3階 | 15万円 15万円 | 2DK 45.45m 2,https://suumo.jp/chintai/jnc_000104735472/?bc=100487711095
2026-02-07,2026-02-07T09:21:29,rent,賃貸,100480170891,自由が丘カントリー倶楽部,東京都世田谷区奥沢5,12.5万,125000.0,,,,,3階 | 12.5万円 12.5万円 | 1K 25.31m 2,https://suumo.jp/chintai/jnc_000102869648/?bc=100480170891
2026-02-07,2026-02-07T09:21:29,rent,賃貸,100480301072,自由が丘カントリー倶楽部,東京都世田谷区奥沢5,12.5万,125000.0,,,,,3階 | 12.5万円 12.5万円 | 1K 25.31m 2,https://suumo.jp/chintai/jnc_000103750418/?bc=100480301072
2026-02-07,2026-02-07T09:21:29,rent,賃貸,100485591926,自由が丘カントリー倶楽部,東京都世田谷区奥沢5,13万,130000.0,,,,,2階 | 13万円 13万円 | 1K 26.45m 2,https://suumo.jp/chintai/jnc_000103727489/?bc=100485591926
2026-02-07,2026-02-07T09:21:29,rent,賃貸,100482653023,パークハウス等々力 E棟,東京都世田谷区等々力6,55万,550000.0,,,,,2階 | 55万円 55万円 | 2LDK 104.69m 2,https://suumo.jp/chintai/jnc_000104044329/?bc=100482653023
2026-02-07,2026-02-07T09:21:29,rent,賃貸,100472578212,ハイシティ田園調布第2,東京都世田谷区東玉川2,5万,50000.0,,,,,4階 | 5万円 - | ワンルーム 14.54m 2,https://suumo.jp/chintai/jnc_000102202659/?bc=100472578212
2026-02-07,2026-02-07T09:21:29,rent,賃貸,100455012119,ハイシティ田園調布第2,東京都世田谷区東玉川2,5.1万,51000.0,,,,,2階 | 5.1万円 - | ワンルーム 14.54m 2,https://suumo.jp/chintai/jnc_000098970402/?bc=100455012119
2026-02-07,2026-02-07T09:21:29,rent,賃貸,100487123353,ハイシティ田園調布第2,東京都世田谷区東玉川2,5.1万,51000.0,,,,,3階 | - - | ワンルーム 14.54m 2,https://suumo.jp/chintai/jnc_000028333926/?bc=100487123353
2026-02-07,2026-02-07T09:21:29,rent,賃貸,100487552886,シャンブール自由ヶ丘,東京都目黒区緑が丘2,6.5万,65000.0,,,,,3階 | 6.5万円 - | ワンルーム 16m 2,https://suumo.jp/chintai/jnc_000053859657/?bc=100487552886
2026-02-07,2026-02-07T09:21:29,rent,賃貸,100475105654,東急目黒線 奥沢駅 地上2階建 築37年,東京都世田谷区東玉川1,26.5万,265000.0,,,,,1-2階 | 26.5万円 26.5万円 | 3LDK 92.4m 2,https://suumo.jp/chintai/jnc_000102440317/?bc=100475105654
2026-02-07,2026-02-07T09:21:29,rent,賃貸,100469793214,東急目黒線 奥沢駅 地上2階建 築37年,東京都世田谷区東玉川1,26.5万,265000.0,,,,,1-2階 | 26.5万円 26.5万円 | 3LDK 92.4m 2,https://suumo.jp/chintai/jnc_000102464130/?bc=100469793214
2026-02-07,2026-02-07T09:21:29,rent,賃貸,100485134501,グリーンパス奥沢,東京都世田谷区奥沢4,13万,130000.0,,,,,1階 | 13万円 13万円 | 1DK 23.55m 2,https://suumo.jp/chintai/jnc_000103248818/?bc=100485134501
2026-02-07,2026-02-07T09:21:29,rent,賃貸,100476804734,グリーンパス奥沢,東京都世田谷区奥沢4,13.3万,133000.0,,,,,2階 | 13.3万円 13.3万円 | 1DK 23.55m 2,https://suumo.jp/chintai/jnc_000103248822/?bc=100476804734
2026-02-07,2026-02-07T09:21:29,rent,賃貸,100476737912,グリーンパス奥沢,東京都世田谷区奥沢4,13.3万,133000.0,,,,,2階 | 13.3万円 13.3万円 | 1DK 23.55m 2,https://suumo.jp/chintai/jnc_000103248821/?bc=100476737912
2026-02-07,2026-02-07T09:21:29,rent,賃貸,100485134497,グリーンパス奥沢,東京都世田谷区奥沢4,13.3万,133000.0,,,,,2階 | 13.3万円 13.3万円 | 1DK 23.55m 2,https://suumo.jp/chintai/jnc_000103248823/?bc=100485134497
2026-02-07,2026-02-07T09:21:29,rent,賃貸,100476810205,グリーンパス奥沢,東京都世田谷区奥沢4,18.2万,182000.0,,,,,1階 | 18.2万円 18.2万円 | 1LDK 40.3m 2,https://suumo.jp/chintai/jnc_000103239227/?bc=100476810205
2026-02-07,2026-02-07T09:21:29,rent,賃貸,100487481970,レオパレスコングラツィア石川台,東京都大田区石川町2,10.1万,101000.0,,,,,2階 | - 10.1万円 | 1K 23.18m 2,https://suumo.jp/chintai/jnc_000102532477/?bc=100487481970
2026-02-07,2026-02-07T09:21:29,rent,賃貸,100487796537,レオパレスコングラツィア石川台,東京都大田区石川町2,10.6万,106000.0,,,,,2階 | - 10.6万円 | 1K 23.18m 2,https://suumo.jp/chintai/jnc_000104608594/?bc=100487796537
2026-02-07,2026-02-07T09:21:29,rent,賃貸,100482163361,Branche JIYUGAOKA,東京都世田谷区奥沢4,15.5万,155000.0,,,,,3階 | - 15.5万円 | 1LDK 41.6m 2,https://suumo.jp/chintai/jnc_000103977089/?bc=100482163361
2026-02-07,2026-02-07T09:21:29,rent,賃貸,100486402317,アドラー奥沢,東京都世田谷区奥沢4,18.7万,187000.0,,,,,2階 | 18.7万円 18.7万円 | 1LDK 44.56m 2,https://suumo.jp/chintai/jnc_000104417069/?bc=100486402317
2026-02-07,2026-02-07T09:21:29,rent,賃貸,100484914953,東玉川一丁目邸,東京都世田谷区東玉川1,38万,380000.0,,,,,- | 38万円 38万円 | 5LDK 156.1m 2,https://suumo.jp/chintai/jnc_000104317105/?bc=100484914953
2026-02-07,2026-02-07T09:21:29,rent,賃貸,100484110148,Fullea奥沢,東京都世田谷区奥沢3,20.5万,205000.0,,,,,3階 | 20.5万円 - | 1LDK 31.6m 2,https://suumo.jp/chintai/jnc_000099934175/?bc=100484110148
2026-02-07,2026-02-07T09:21:29,rent,賃貸,100464869266,Fullea奥沢,東京都世田谷区奥沢3,20.7万,207000.0,,,,,4階 | 20.7万円 - | 1LDK 31.6m 2,https://suumo.jp/chintai/jnc_000099940014/?bc=100464869266
2026-02-07,2026-02-07T09:21:29,rent,賃貸,100447645704,Fullea奥沢,東京都世田谷区奥沢3,21万,210000.0,,,,,5階 | 21万円 - | 1LDK 31.6m 2,https://suumo.jp/chintai/jnc_000099926159/?bc=100447645704
2026-02-07,2026-02-07T09:21:29,rent,賃貸,100464868926,Fullea奥沢,東京都世田谷区奥沢3,22万,220000.0,,,,,2階 | 22万円 - | 1LDK 35.4m 2,https://suumo.jp/chintai/jnc_000099940013/?bc=100464868926
2026-02-07,2026-02-07T09:21:29,rent,賃貸,100452534543,Fullea奥沢,東京都世田谷区奥沢3,23.8万,238000.0,,,,,1-2階 | 23.8万円 - | 1LDK 41.67m 2,https://suumo.jp/chintai/jnc_000099934174/?bc=100452534543
2026-02-07,2026-02-07T09:21:29,rent,賃貸,100447492516,Fullea奥沢,東京都世田谷区奥沢3,23.8万,238000.0,,,,,3-4階 | 23.8万円 - | 1DK 38.16m 2,https://suumo.jp/chintai/jnc_000099934176/?bc=100447492516
2026-02-07,2026-02-07T09:21:29,rent,賃貸,100469584781,東急目黒線 奥沢駅 5階建 新築,東京都世田谷区奥沢3,20.5万,205000.0,,,,,3階 | 20.5万円 - | 1LDK 31.6m 2,https://suumo.jp/chintai/jnc_000099926163/?bc=100469584781
2026-02-07,2026-02-07T09:21:29,rent,賃貸,100464973292,東急目黒線 奥沢駅 5階建 新築,東京都世田谷区奥沢3,20.7万,207000.0,,,,,4階 | 20.7万円 - | 1LDK 31.6m 2,https://suumo.jp/chintai/jnc_000099926165/?bc=100464973292
2026-02-07,2026-02-07T09:21:29,rent,賃貸,100487357003,東急目黒線 奥沢駅 5階建 新築,東京都世田谷区奥沢3,20.7万,207000.0,,,,,4階 | 20.7万円 - | 1LDK 31.6m 2,https://suumo.jp/chintai/jnc_000104608673/?bc=100487357003
2026-02-07,2026-02-07T09:21:29,rent,賃貸,100452536701,東急目黒線 奥沢駅 5階建 新築,東京都世田谷区奥沢3,21万,210000.0,,,,,5階 | 21万円 - | 1LDK 31.6m 2,https://suumo.jp/chintai/jnc_000099926166/?bc=100452536701
2026-02-07,2026-02-07T09:21:29,rent,賃貸,100464974836,東急目黒線 奥沢駅 5階建 新築,東京都世田谷区奥沢3,22万,220000.0,,,,,2階 | 22万円 - | 1LDK 35.4m 2,https://suumo.jp/chintai/jnc_000099926162/?bc=100464974836
2026-02-07,2026-02-07T09:21:29,rent,賃貸,100452510226,東急目黒線 奥沢駅 5階建 新築,東京都世田谷区奥沢3,23.8万,238000.0,,,,,1-2階 | 23.8万円 - | 1LDK 41.67m 2,https://suumo.jp/chintai/jnc_000099926161/?bc=100452510226
2026-02-07,2026-02-07T09:21:29,rent,賃貸,100464973582,東急目黒線 奥沢駅 5階建 新築,東京都世田谷区奥沢3,23.8万,238000.0,,,,,3階 | 23.8万円 - | 1DK 38.16m 2,https://suumo.jp/chintai/jnc_000099926164/?bc=100464973582
2026-02-07,2026-02-07T09:21:29,rent,賃貸,100487286555,東急目黒線 奥沢駅 4階建 築4年,東京都世田谷区奥沢2,14.9万,149000.0,,,,,1階 | 14.9万円 14.9万円 | 1LDK 31.7m 2,https://suumo.jp/chintai/jnc_000104655591/?bc=100487286555
2026-02-07,2026-02-07T09:21:29,rent,賃貸,100481369743,東急目黒線 奥沢駅 4階建 築4年,東京都世田谷区奥沢2,15.6万,156000.0,,,,,3階 | 15.6万円 15.6万円 | 1LDK 31.7m 2,https://suumo.jp/chintai/jnc_000104614775/?bc=100481369743
2026-02-07,2026-02-07T09:21:29,rent,賃貸,100437125648,東急目黒線 奥沢駅 4階建 築4年,東京都世田谷区奥沢2,15.9万,159000.0,,,,,3階 | 15.9万円 15.9万円 | 1LDK 31.7m 2,https://suumo.jp/chintai/jnc_000103844088/?bc=100437125648
2026-02-07,2026-02-07T09:21:29,rent,賃貸,100487203796,chateau de bliss,東京都世田谷区奥沢2,14.9万,149000.0,,,,,1階 | 14.9万円 14.9万円 | 1LDK 31.7m 2,https://suumo.jp/chintai/jnc_000104655590/?bc=100487203796
2026-02-07,2026-02-07T09:21:29,rent,賃貸,100487498505,chateau de bliss,東京都世田谷区奥沢2,14.9万,149000.0,,,,,1階 | 14.9万円 14.9万円 | 1LDK 31.7m 2,https://suumo.jp/chintai/jnc_000104699813/?bc=100487498505
2026-02-07,2026-02-07T09:21:29,rent,賃貸,100473296369,レピドール奥沢,東京都世田谷区東玉川1,14.5万,145000.0,,,,,4階 | 14.5万円 14.5万円 | 1LDK 34.04m 2,https://suumo.jp/chintai/jnc_000102900988/?bc=100473296369
2026-02-07,2026-02-07T09:21:29,rent,賃貸,100480401568,レピドール奥沢,東京都世田谷区東玉川1,19.1万,191000.0,,,,,2階 | 19.1万円 19.1万円 | 2LDK 47.02m 2,https://suumo.jp/chintai/jnc_000103771298/?bc=100480401568
2026-02-07,2026-02-07T09:21:29,rent,賃貸,100454444703,奥沢センターマンション,東京都世田谷区奥沢3,23.9万,239000.0,,,,,7階 | 23.9万円 23.9万円 | 2LDK 74.12m 2,https://suumo.jp/chintai/jnc_000100807109/?bc=100454444703
2026-02-07,2026-02-07T09:21:29,rent,賃貸,100466617507,マコト・パレス,東京都世田谷区奥沢1,9万,90000.0,,,,,5階 | 4.5万円 9万円 | 2DK 30m 2,https://suumo.jp/chintai/jnc_000096696495/?bc=100466617507
2026-02-07,2026-02-07T09:21:29,rent,賃貸,100486841825,東急目黒線 奥沢駅 5階建 築23年,東京都世田谷区奥沢3,8.5万,85000.0,,,,,1階 | 8.5万円 8.5万円 | 1K 22.64m 2,https://suumo.jp/chintai/jnc_000104590683/?bc=100486841825
2026-02-07,2026-02-07T09:21:29,rent,賃貸,100487262304,ベルデ自由が丘,東京都世田谷区奥沢5,7.5万,75000.0,,,,,1階 | 7.5万円 - | ワンルーム 22m 2,https://suumo.jp/chintai/jnc_000104699814/?bc=100487262304
2026-02-07,2026-02-07T09:21:29,rent,賃貸,100487547740,東急目黒線 奥沢駅 2階建 築46年,東京都世田谷区奥沢2,7.4万,74000.0,,,,,2階 | 7.4万円 7.4万円 | 1DK 28m 2,https://suumo.jp/chintai/jnc_000102361342/?bc=100487547740
2026-02-07,2026-02-07T09:21:29,rent,賃貸,100343987311,フィオレンテ田園調布,東京都世田谷区玉川田園調布2,31.8万,318000.0,,,,,1階 | 31.8万円 31.8万円 | 3LDK 87.1m 2,https://suumo.jp/chintai/jnc_000102572772/?bc=100343987311
2026-02-07,2026-02-07T09:21:29,rent,賃貸,100476539437,コスモリード奥沢,東京都世田谷区奥沢1,15.1万,151000.0,,,,,1階 | 15.1万円 - | 1DK 35.35m 2,https://suumo.jp/chintai/jnc_000103294578/?bc=100476539437
2026-02-07,2026-02-07T09:21:29,rent,賃貸,100390264974,ジョイフル自由が丘II,東京都世田谷区奥沢1,5.4万,54000.0,,,,,2階 | 5.4万円 - | ワンルーム 18.57m 2,https://suumo.jp/chintai/jnc_000104532327/?bc=100390264974
2026-02-07,2026-02-07T09:21:29,rent,賃貸,100470964624,アジールコート都立大学,東京都目黒区中根1,15.5万,155000.0,,,,,B1階 | 15.5万円 - | 1LDK 30.36m 2,https://suumo.jp/chintai/jnc_000104717713/?bc=100470964624
2026-02-07,2026-02-07T09:21:29,rent,賃貸,100470972344,アジールコート都立大学,東京都目黒区中根1,15.5万,155000.0,,,,,B1階 | 15.5万円 - | 1LDK 30.36m 2,https://suumo.jp/chintai/jnc_000104735475/?bc=100470972344
2026-02-07,2026-02-07T09:21:29,rent,賃貸,100479711368,アジールコート都立大学,東京都目黒区中根1,15.7万,157000.0,,,,,2階 | 15.7万円 - | 1LDK 28.92m 2,https://suumo.jp/chintai/jnc_000104717717/?bc=100479711368
2026-02-07,2026-02-07T09:21:29,rent,賃貸,100480333100,アジールコート都立大学,東京都目黒区中根1,15.9万,159000.0,,,,,B1階 | 15.9万円 - | 1LDK 28.92m 2,https://suumo.jp/chintai/jnc_000103756577/?bc=100480333100
2026-02-07,2026-02-07T09:21:29,rent,賃貸,100477315667,アジールコート都立大学,東京都目黒区中根1,16.2万,162000.0,,,,,1階 | 16.2万円 - | 1LDK 30.36m 2,https://suumo.jp/chintai/jnc_000104717715/?bc=100477315667
2026-02-07,2026-02-07T09:21:29,rent,賃貸,100470964603,アジールコート都立大学,東京都目黒区中根1,16.2万,162000.0,,,,,1階 | 16.2万円 - | 1LDK 30.36m 2,https://suumo.jp/chintai/jnc_000104717714/?bc=100470964603
2026-02-07,2026-02-07T09:21:29,rent,賃貸,100470361614,アジールコート都立大学,東京都目黒区中根1,16.5万,165000.0,,,,,2階 | 16.5万円 - | 1LDK 30.36m 2,https://suumo.jp/chintai/jnc_000104725034/?bc=100470361614
2026-02-07,2026-02-07T09:21:29,rent,賃貸,100470964616,アジールコート都立大学,東京都目黒区中根1,16.5万,165000.0,,,,,2階 | 16.5万円 - | 1LDK 30.36m 2,https://suumo.jp/chintai/jnc_000104717716/?bc=100470964616
2026-02-07,2026-02-07T09:21:29,rent,賃貸,100474819230,アジールコート都立大学,東京都目黒区中根1,16.5万,165000.0,,,,,2階 | 16.5万円 - | 1LDK 30.36m 2,https://suumo.jp/chintai/jnc_000104725033/?bc=100474819230
2026-02-07,2026-02-07T09:21:29,rent,賃貸,100470431469,アジールコート都立大学,東京都目黒区中根1,16.7万,167000.0,,,,,B1階 | 16.7万円 - | 1LDK 30.36m 2,https://suumo.jp/chintai/jnc_000103111034/?bc=100470431469
2026-02-07,2026-02-07T09:21:29,rent,賃貸,100475274978,アジールコート都立大学,東京都目黒区中根1,16.7万,167000.0,,,,,B1階 | 16.7万円 - | 1LDK 30.36m 2,https://suumo.jp/chintai/jnc_000103111035/?bc=100475274978
2026-02-07,2026-02-07T09:21:29,rent,賃貸,100483134299,アジールコート都立大学,東京都目黒区中根1,16.9万,169000.0,,,,,2階 | 16.9万円 - | 1LDK 28.92m 2,https://suumo.jp/chintai/jnc_000103546778/?bc=100483134299
2026-02-07,2026-02-07T09:21:29,rent,賃貸,100479835502,アジールコート都立大学,東京都目黒区中根1,16.9万,169000.0,,,,,2階 | 16.9万円 - | 1LDK 28.92m 2,https://suumo.jp/chintai/jnc_000103546777/?bc=100479835502
2026-02-07,2026-02-07T09:21:29,rent,賃貸,100475439298,アジールコート都立大学,東京都目黒区中根1,17.4万,174000.0,,,,,1階 | 17.4万円 - | 1LDK 30.36m 2,https://suumo.jp/chintai/jnc_000103024153/?bc=100475439298
2026-02-07,2026-02-07T09:21:29,rent,賃貸,100480252362,アジールコート都立大学,東京都目黒区中根1,17.4万,174000.0,,,,,1階 | 17.4万円 - | 1LDK 30.36m 2,https://suumo.jp/chintai/jnc_000103018522/?bc=100480252362
2026-02-07,2026-02-07T09:21:29,rent,賃貸,100470858907,アジールコート都立大学,東京都目黒区中根1,17.7万,177000.0,,,,,2階 | 17.7万円 - | 1LDK 30.36m 2,https://suumo.jp/chintai/jnc_000103018523/?bc=100470858907
2026-02-07,2026-02-07T09:21:29,rent,賃貸,100481070731,アジールコート都立大学,東京都目黒区中根1,17.7万,177000.0,,,,,2階 | 17.7万円 - | 1LDK 30.36m 2,https://suumo.jp/chintai/jnc_000103024162/?bc=100481070731
2026-02-07,2026-02-07T09:21:29,rent,賃貸,100482022923,アジールコート都立大学,東京都目黒区中根1,17.7万,177000.0,,,,,2階 | 17.7万円 - | 1LDK 30.36m 2,https://suumo.jp/chintai/jnc_000103546776/?bc=100482022923
2026-02-07,2026-02-07T09:21:29,rent,賃貸,100479019322,アジールコート都立大学,東京都目黒区中根1,17.7万,177000.0,,,,,2階 | 17.7万円 - | 1LDK 30.36m 2,https://suumo.jp/chintai/jnc_000103546775/?bc=100479019322
2026-02-07,2026-02-07T09:21:29,rent,賃貸,100471015024,アジールコート都立大学,東京都目黒区中根1,17.8万,178000.0,,,,,3階 | 17.8万円 - | 1LDK 30.36m 2,https://suumo.jp/chintai/jnc_000104725035/?bc=100471015024
2026-02-07,2026-02-07T09:21:29,rent,賃貸,100487489870,アジールコート都立大学,東京都目黒区中根1,19万,190000.0,,,,,3階 | 19万円 - | 1LDK 30.36m 2,https://suumo.jp/chintai/jnc_000103546781/?bc=100487489870
2026-02-07,2026-02-07T09:21:29,rent,賃貸,100471186367,アジールコート都立大学,東京都目黒区中根1,19.8万,198000.0,,,,,3階 | 19.8万円 - | 1LDK 30.36m 2,https://suumo.jp/chintai/jnc_000104717718/?bc=100471186367
2026-02-07,2026-02-07T09:21:29,rent,賃貸,100470214134,アジールコート都立大学,東京都目黒区中根1,21万,210000.0,,,,,3階 | 21万円 - | 1LDK 30.36m 2,https://suumo.jp/chintai/jnc_000103694931/?bc=100470214134
2026-02-07,2026-02-07T09:21:29,rent,賃貸,100470214172,アジールコート都立大学,東京都目黒区中根1,24.5万,245000.0,,,,,3階 | 24.5万円 - | 1SLDK 49.24m 2,https://suumo.jp/chintai/jnc_000102508272/?bc=100470214172
2026-02-07,2026-02-07T09:21:29,rent,賃貸,100470346235,アジールコート都立大学,東京都目黒区中根1,28万,280000.0,,,,,2階 | 28万円 - | 1SLDK 49.52m 2,https://suumo.jp/chintai/jnc_000103024158/?bc=100470346235
2026-02-07,2026-02-07T09:21:29,rent,賃貸,100481625525,アジールコート都立大学,東京都目黒区中根1,28万,280000.0,,,,,2階 | 28万円 - | 1SLDK 49.24m 2,https://suumo.jp/chintai/jnc_000103913575/?bc=100481625525
2026-02-07,2026-02-07T09:21:29,rent,賃貸,100471039721,アジールコート都立大学,東京都目黒区中根1,31万,310000.0,,,,,B1-1階 | 31万円 - | 3LDK 66.18m 2,https://suumo.jp/chintai/jnc_000103024149/?bc=100471039721
2026-02-07,2026-02-07T09:21:29,rent,賃貸,100471015629,アジールコート都立大学,東京都目黒区中根1,31万,310000.0,,,,,B1-1階 | 31万円 - | 3LDK 66.18m 2,https://suumo.jp/chintai/jnc_000103024148/?bc=100471015629
2026-02-07,2026-02-07T09:21:29,rent,賃貸,100480888930,アジールコート都立大学,東京都目黒区中根1,31万,310000.0,,,,,1階 | 31万円 - | 3LDK 66.18m 2,https://suumo.jp/chintai/jnc_000103024147/?bc=100480888930
2026-02-07,2026-02-07T09:21:29,rent,賃貸,100475434947,アジールコート都立大学,東京都目黒区中根1,31万,310000.0,,,,,1階 | 31万円 - | 3LDK 66.18m 2,https://suumo.jp/chintai/jnc_000103024157/?bc=100475434947
2026-02-07,2026-02-07T09:21:29,rent,賃貸,100480888854,アジールコート都立大学,東京都目黒区中根1,32.5万,325000.0,,,,,2階 | 32.5万円 - | 3LDK 70.34m 2,https://suumo.jp/chintai/jnc_000103024150/?bc=100480888854
2026-02-07,2026-02-07T09:21:29,rent,賃貸,100478386448,アジールコート都立大学,東京都目黒区中根1,32.5万,325000.0,,,,,1階 | 32.5万円 - | 3LDK 70.34m 2,https://suumo.jp/chintai/jnc_000103024151/?bc=100478386448
2026-02-07,2026-02-07T09:21:29,rent,賃貸,100484186117,アジールコート都立大学,東京都目黒区中根1,33万,330000.0,,,,,B1-1階 | 33万円 - | 3LDK 70.52m 2,https://suumo.jp/chintai/jnc_000103024144/?bc=100484186117
2026-02-07,2026-02-07T09:21:29,rent,賃貸,100471079869,アジールコート都立大学,東京都目黒区中根1,33万,330000.0,,,,,B1-1階 | 33万円 - | 3LDK 70.52m 2,https://suumo.jp/chintai/jnc_000103024142/?bc=100471079869
2026-02-07,2026-02-07T09:21:29,rent,賃貸,100480888913,アジールコート都立大学,東京都目黒区中根1,33万,330000.0,,,,,1階 | 33万円 - | 3LDK 70.52m 2,https://suumo.jp/chintai/jnc_000103024145/?bc=100480888913
2026-02-07,2026-02-07T09:21:29,rent,賃貸,100486995991,アジールコート都立大学,東京都目黒区中根1,33万,330000.0,,,,,1階 | 33万円 - | 3LDK 70.52m 2,https://suumo.jp/chintai/jnc_000103024143/?bc=100486995991
2026-02-07,2026-02-07T09:21:29,rent,賃貸,100475433662,アジールコート都立大学,東京都目黒区中根1,33万,330000.0,,,,,1階 | 33万円 - | 3LDK 70.52m 2,https://suumo.jp/chintai/jnc_000103024154/?bc=100475433662
2026-02-07,2026-02-07T09:21:29,rent,賃貸,100474319284,アジールコート都立大学,東京都目黒区中根1,33万,330000.0,,,,,1階 | 33万円 - | 3LDK 70.52m 2,https://suumo.jp/chintai/jnc_000103024156/?bc=100474319284
2026-02-07,2026-02-07T09:21:29,rent,賃貸,100474771981,アジールコート都立大学,東京都目黒区中根1,34万,340000.0,,,,,1階 | 34万円 - | 3LDK 75.76m 2,https://suumo.jp/chintai/jnc_000103024152/?bc=100474771981
2026-02-07,2026-02-07T09:21:29,rent,賃貸,100475434202,アジールコート都立大学,東京都目黒区中根1,34万,340000.0,,,,,1階 | 34万円 - | 3LDK 75.76m 2,https://suumo.jp/chintai/jnc_000103024155/?bc=100475434202
2026-02-07,2026-02-07T09:21:29,rent,賃貸,100471123316,アジールコート都立大学,東京都目黒区中根1,38.6万,386000.0,,,,,2階 | 38.6万円 - | 2SLDK 64.96m 2,https://suumo.jp/chintai/jnc_000103024160/?bc=100471123316
2026-02-07,2026-02-07T09:21:29,rent,賃貸,100475435705,アジールコート都立大学,東京都目黒区中根1,38.6万,386000.0,,,,,2階 | 38.6万円 - | 3LDK 64.96m 2,https://suumo.jp/chintai/jnc_000103024163/?bc=100475435705
2026-02-07,2026-02-07T09:21:29,rent,賃貸,100474408871,アジールコート都立大学,東京都目黒区中根1,38.7万,387000.0,,,,,2階 | 38.7万円 - | 2SLDK 65.9m 2,https://suumo.jp/chintai/jnc_000103024159/?bc=100474408871
2026-02-07,2026-02-07T09:21:29,rent,賃貸,100484100461,アジールコート都立大学,東京都目黒区中根1,38.7万,387000.0,,,,,2階 | 38.7万円 - | 2SLDK 65.9m 2,https://suumo.jp/chintai/jnc_000103156449/?bc=100484100461
2026-02-07,2026-02-07T09:21:29,rent,賃貸,100471123718,アジールコート都立大学,東京都目黒区中根1,40.9万,409000.0,,,,,3階 | 40.9万円 - | 2SLDK 64.96m 2,https://suumo.jp/chintai/jnc_000103546780/?bc=100471123718
2026-02-07,2026-02-07T09:21:29,rent,賃貸,100484186686,アジールコート都立大学,東京都目黒区中根1,41万,410000.0,,,,,3階 | 41万円 - | 2SLDK 65.9m 2,https://suumo.jp/chintai/jnc_000103546779/?bc=100484186686
2026-02-07,2026-02-07T09:21:29,rent,賃貸,100480616188,アジールコート都立大学,東京都目黒区中根1,41.7万,417000.0,,,,,3階 | 41.7万円 - | 3LDK 65.9m 2,https://suumo.jp/chintai/jnc_000103756578/?bc=100480616188
2026-02-07,2026-02-07T09:21:29,rent,賃貸,100485620472,小山アパート,東京都世田谷区奥沢1,5.3万,53000.0,,,,,2階 | 5.3万円 - | 1K 17.82m 2,https://suumo.jp/chintai/jnc_000104433177/?bc=100485620472
2026-02-07,2026-02-07T09:21:29,rent,賃貸,100485359802,キソービクトリア自由が丘,東京都世田谷区奥沢1,5.8万,58000.0,,,,,1階 | 5.8万円 5.8万円 | ワンルーム 15m 2,https://suumo.jp/chintai/jnc_000090247587/?bc=100485359802
2026-02-07,2026-02-07T09:21:29,rent,賃貸,100480321554,キソービクトリア自由が丘,東京都世田谷区奥沢1,6.3万,63000.0,,,,,3階 | 6.3万円 6.3万円 | ワンルーム 15m 2,https://suumo.jp/chintai/jnc_000024541865/?bc=100480321554
2026-02-07,2026-02-07T09:21:29,rent,賃貸,100487665684,スターレジデンス八雲,東京都目黒区八雲2,30.9万,309000.0,,,,,1階 | 30.9万円 30.9万円 | 3LDK 61.75m 2,https://suumo.jp/chintai/jnc_000095415608/?bc=100487665684
2026-02-07,2026-02-07T09:21:29,rent,賃貸,100487665263,東急東横線 都立大学駅 3階建 築2年,東京都目黒区八雲2,30.9万,309000.0,,,,,1階 | 30.9万円 30.9万円 | 3LDK 61.75m 2,https://suumo.jp/chintai/jnc_000095415615/?bc=100487665263
2026-02-07,2026-02-07T09:21:29,rent,賃貸,100484777693,ウェルスクエア田園調布,東京都大田区田園調布2,12.3万,123000.0,,,,,2階 | 12.3万円 12.3万円 | 1LDK 32.13m 2,https://suumo.jp/chintai/jnc_000102783609/?bc=100484777693
2026-02-07,2026-02-07T09:21:29,rent,賃貸,100483769683,奥沢コーポラス,東京都世田谷区奥沢3,6.5万,65000.0,,,,,2階 | 6.5万円 6.5万円 | 1K 20m 2,https://suumo.jp/chintai/jnc_000104139242/?bc=100483769683
2026-02-07,2026-02-07T09:21:29,rent,賃貸,100480194176,奥沢コーポラス,東京都世田谷区奥沢3,7.2万,72000.0,,,,,1階 | 7.2万円 7.2万円 | 1K 19.44m 2,https://suumo.jp/chintai/jnc_000103567588/?bc=100480194176
2026-02-07,2026-02-07T09:21:29,rent,賃貸,100485362515,日興パレス田園調布第二,東京都世田谷区東玉川1,6.3万,63000.0,,,,,6階 | - - | ワンルーム 18.42m 2,https://suumo.jp/chintai/jnc_000104378903/?bc=100485362515
2026-02-07,2026-02-07T09:21:29,rent,賃貸,100486088206,ハイタウン自由が丘,東京都世田谷区奥沢3,5.2万,52000.0,,,,,4階 | - - | 1K 14.65m 2,https://suumo.jp/chintai/jnc_000069717610/?bc=100486088206
2026-02-07,2026-02-07T09:21:29,rent,賃貸,100487313803,アノンテラス奥沢,東京都世田谷区東玉川1,8.7万,87000.0,,,,,1階 | 8.7万円 8.7万円 | 1K 21.89m 2,https://suumo.jp/chintai/jnc_000104668739/?bc=100487313803
2026-02-07,2026-02-07T09:21:29,rent,賃貸,100487394454,ヒューリックコート雪が谷,東京都大田区石川町2,24.4万,244000.0,,,,,4階 | 24.4万円 48.8万円 | 2LDK 65.43m 2,https://suumo.jp/chintai/jnc_000104644201/?bc=100487394454
2026-02-07,2026-02-07T09:21:29,rent,賃貸,100487316668,ヒューリックコート雪が谷,東京都大田区石川町2,24.2万,242000.0,,,,,3階 | 24.2万円 48.4万円 | 3LDK 65.43m 2,https://suumo.jp/chintai/jnc_000104644200/?bc=100487316668
2026-02-07,2026-02-07T09:21:29,rent,賃貸,100475573212,メゾン・ド・シュミネ,東京都世田谷区奥沢2,6万,60000.0,,,,,1階 | - - | ワンルーム 14.4m 2,https://suumo.jp/chintai/jnc_000100474112/?bc=100475573212
2026-02-07,2026-02-07T09:21:29,rent,賃貸,100487597460,東急東横線 自由が丘駅 2階建 築10年,東京都世田谷区奥沢5,13.5万,135000.0,,,,,2階 | 13.5万円 27万円 | 1LDK 34.68m 2,https://suumo.jp/chintai/jnc_000103937875/?bc=100487597460
2026-02-07,2026-02-07T09:21:29,rent,賃貸,100486486767,クレスト自由が丘,東京都目黒区緑が丘2,16.8万,168000.0,,,,,2階 | 16.8万円 16.8万円 | 1LDK 42.34m 2,https://suumo.jp/chintai/jnc_000104499150/?bc=100486486767
2026-02-07,2026-02-07T09:21:29,rent,賃貸,100487503519,リュエル ラ ビュイ自由が丘,東京都目黒区自由が丘1,19万,190000.0,,,,,2階 | 19万円 19万円 | 1LDK 48.75m 2,https://suumo.jp/chintai/jnc_000104689126/?bc=100487503519
2026-02-07,2026-02-07T09:21:29,rent,賃貸,100487595141,東急東横線 自由が丘駅 2階建 築11年,東京都目黒区自由が丘1,19万,190000.0,,,,,2階 | 19万円 19万円 | 1LDK 48.75m 2,https://suumo.jp/chintai/jnc_000104689127/?bc=100487595141
2026-02-07,2026-02-07T09:21:29,rent,賃貸,100484530895,ディアナコート八雲,東京都目黒区八雲2,31万,310000.0,,,,,3階 | 31万円 31万円 | 2LDK 66.28m 2,https://suumo.jp/chintai/jnc_000104229739/?bc=100484530895
2026-02-07,2026-02-07T09:21:29,rent,賃貸,100487420312,MRレジデンス自由が丘,東京都目黒区自由が丘2,14.5万,145000.0,,,,,2階 | 14.5万円 14.5万円 | 1LDK 38.5m 2,https://suumo.jp/chintai/jnc_000104633794/?bc=100487420312
2026-02-07,2026-02-07T09:21:29,rent,賃貸,100485466889,ハイシティ自由ヶ丘,東京都世田谷区奥沢2,6.5万,65000.0,,,,,2階 | - - | ワンルーム 15m 2,https://suumo.jp/chintai/jnc_000104348113/?bc=100485466889
2026-02-07,2026-02-07T09:21:29,rent,賃貸,100484973122,ハイシティ自由ヶ丘,東京都世田谷区奥沢2,7万,70000.0,,,,,2階 | - - | ワンルーム 15m 2,https://suumo.jp/chintai/jnc_000104348114/?bc=100484973122
2026-02-07,2026-02-07T09:21:29,rent,賃貸,100487604929,EXAM自由が丘,東京都世田谷区奥沢2,14.2万,142000.0,,,,,3階 | 14.2万円 14.2万円 | 1LDK 29.89m 2,https://suumo.jp/chintai/jnc_000104725190/?bc=100487604929
2026-02-07,2026-02-07T09:21:29,rent,賃貸,100486958921,ディプロマット緑ヶ丘,東京都目黒区緑が丘1,42万,420000.0,,,,,2階 | 126万円 42万円 | 3LDK 103.36m 2,https://suumo.jp/chintai/jnc_000104608582/?bc=100486958921
2026-02-07,2026-02-07T09:21:29,rent,賃貸,100487665028,マイキャッスル田園調布II,東京都世田谷区東玉川2,14万,140000.0,,,,,4階 | 28万円 14万円 | 2DK 40.64m 2,https://suumo.jp/chintai/jnc_000104709275/?bc=100487665028
2026-02-07,2026-02-07T09:21:29,rent,賃貸,100487203305,テラス田園調布,東京都大田区田園調布2,22.5万,225000.0,,,,,2階 | 22.5万円 45万円 | 2LDK 64.17m 2,https://suumo.jp/chintai/jnc_000104229782/?bc=100487203305
2026-02-07,2026-02-07T09:21:29,rent,賃貸,100487503428,自由が丘センチュリー,東京都目黒区自由が丘1,15万,150000.0,,,,,3階 | 15万円 15万円 | 1LDK 45.45m 2,https://suumo.jp/chintai/jnc_000104699531/?bc=100487503428
2026-02-07,2026-02-07T09:21:29,rent,賃貸,100487675166,自由が丘センチュリー,東京都目黒区自由が丘1,15万,150000.0,,,,,3階 | 15万円 15万円 | 2DK 45.45m 2,https://suumo.jp/chintai/jnc_000104725025/?bc=100487675166
2026-02-07,2026-02-07T09:21:29,rent,賃貸,100485927201,アルクス自由が丘,東京都目黒区自由が丘1,23.8万,238000.0,,,,,6階 | 23.8万円 23.8万円 | 1LDK 43.25m 2,https://suumo.jp/chintai/jnc_000104474011/?bc=100485927201
2026-02-07,2026-02-07T09:21:29,rent,賃貸,100487795258,アルクス自由が丘,東京都目黒区自由が丘1,23.8万,238000.0,,,,,6階 | 23.8万円 23.8万円 | 1LDK 43.25m 2,https://suumo.jp/chintai/jnc_000104745166/?bc=100487795258
2026-02-07,2026-02-07T09:21:29,rent,賃貸,100480852050,FLUFFY自由が丘,東京都目黒区自由が丘2,29.2万,292000.0,,,,,2階 | - - | 1LDK 49.84m 2,https://suumo.jp/chintai/jnc_000104717711/?bc=100480852050
2026-02-07,2026-02-07T09:21:29,rent,賃貸,100480871693,FLUFFY自由が丘,東京都目黒区自由が丘2,30.5万,305000.0,,,,,2階 | - - | 1LDK 51.01m 2,https://suumo.jp/chintai/jnc_000104717710/?bc=100480871693
2026-02-07,2026-02-07T09:21:29,rent,賃貸,100487473552,FLUFFY自由が丘,東京都目黒区自由が丘2,31.1万,311000.0,,,,,B1-1階 | - - | 1LDK 49.09m 2,https://suumo.jp/chintai/jnc_000104541294/?bc=100487473552
2026-02-07,2026-02-07T09:21:29,rent,賃貸,100404461666,FLUFFY自由が丘,東京都目黒区自由が丘2,32.3万,323000.0,,,,,3階 | - - | 1LDK 49.84m 2,https://suumo.jp/chintai/jnc_000103771012/?bc=100404461666
2026-02-07,2026-02-07T09:21:29,rent,賃貸,100480422698,FLUFFY自由が丘,東京都目黒区自由が丘2,32.5万,325000.0,,,,,1階 | - - | 1LDK 51.01m 2,https://suumo.jp/chintai/jnc_000103771010/?bc=100480422698
2026-02-07,2026-02-07T09:21:29,rent,賃貸,100487488786,FLUFFY自由が丘,東京都目黒区自由が丘2,38.3万,383000.0,,,,,B1-1階 | - - | 2LDK 67.04m 2,https://suumo.jp/chintai/jnc_000104699534/?bc=100487488786
2026-02-07,2026-02-07T09:21:29,rent,賃貸,100480423898,FLUFFY自由が丘,東京都目黒区自由が丘2,42万,420000.0,,,,,1階 | - - | 2LDK 67.04m 2,https://suumo.jp/chintai/jnc_000103771011/?bc=100480423898
2026-02-07,2026-02-07T09:21:29,rent,賃貸,100487495959,プラチナコート自由が丘RESIDENCE,東京都世田谷区奥沢5,13.6万,136000.0,,,,,2階 | - 13.6万円 | 2DK 33.28m 2,https://suumo.jp/chintai/jnc_000104326598/?bc=100487495959
2026-02-07,2026-02-07T09:21:29,rent,賃貸,100487755565,東急東横線 自由が丘駅 地下1地上4階建 築5年,東京都世田谷区奥沢5,13.6万,136000.0,,,,,1-2階 | - - | 2DK 33.28m 2,https://suumo.jp/chintai/jnc_000104334966/?bc=100487755565
2026-02-07,2026-02-07T09:21:29,rent,賃貸,100442537616,アパートメントカヤ田園調布,東京都大田区田園調布2,20万,200000.0,,,,,2階 | 20万円 20万円 | 2LDK 62.89m 2,https://suumo.jp/chintai/jnc_000099068707/?bc=100442537616
2026-02-07,2026-02-07T09:21:29,rent,賃貸,100482886658,アパートメントカヤ田園調布,東京都大田区田園調布2,20万,200000.0,,,,,2階 | 20万円 20万円 | 2LDK 52.9m 2,https://suumo.jp/chintai/jnc_000048996137/?bc=100482886658
2026-02-07,2026-02-07T09:21:29,rent,賃貸,100468242400,アパートメントカヤ田園調布,東京都大田区田園調布2,23万,230000.0,,,,,3階 | 23万円 23万円 | 2LDK 62.89m 2,https://suumo.jp/chintai/jnc_000102136084/?bc=100468242400
2026-02-07,2026-02-07T09:21:29,rent,賃貸,100486051269,田園マンション,東京都世田谷区奥沢8,21万,210000.0,,,,,3階 | 21万円 21万円 | 2LDK 66.74m 2,https://suumo.jp/chintai/jnc_000083382099/?bc=100486051269
2026-02-07,2026-02-07T09:21:29,rent,賃貸,100486132036,田園マンション,東京都世田谷区奥沢8,21万,210000.0,,,,,3階 | 21万円 21万円 | 2LDK 66.74m 2,https://suumo.jp/chintai/jnc_000104509871/?bc=100486132036
2026-02-07,2026-02-07T09:21:29,rent,賃貸,100486134799,田園マンション,東京都世田谷区奥沢8,34万,340000.0,,,,,4-5階 | 34万円 34万円 | 3LDK 111.92m 2,https://suumo.jp/chintai/jnc_000083320318/?bc=100486134799
2026-02-07,2026-02-07T09:21:29,rent,賃貸,100487407991,東急東横線 自由が丘駅 2階建 築15年,東京都目黒区緑が丘2,15.5万,155000.0,,,,,1階 | 15.5万円 15.5万円 | 2DK 44m 2,https://suumo.jp/chintai/jnc_000104689141/?bc=100487407991
2026-02-07,2026-02-07T09:21:29,rent,賃貸,100487408342,ガーデンカーサ自由が丘,東京都目黒区緑が丘2,15.5万,155000.0,,,,,1階 | 15.5万円 15.5万円 | 2DK 44m 2,https://suumo.jp/chintai/jnc_000104689140/?bc=100487408342
2026-02-07,2026-02-07T09:21:29,rent,賃貸,100486420417,KDXレジデンス自由が丘,東京都目黒区八雲3,17.1万,171000.0,,,,,3階 | 17.1万円 17.1万円 | 1LDK 45.23m 2,https://suumo.jp/chintai/jnc_000104491810/?bc=100486420417
2026-02-07,2026-02-07T09:21:29,rent,賃貸,100486297710,KDXレジデンス自由が丘,東京都目黒区八雲3,17.1万,171000.0,,,,,3階 | 17.1万円 17.1万円 | 1LDK 45.23m 2,https://suumo.jp/chintai/jnc_000104532226/?bc=100486297710
2026-02-07,2026-02-07T09:21:29,rent,賃貸,100472267857,自由が丘ロイヤルハイツ,東京都世田谷区奥沢6,8万,80000.0,,,,,4階 | 8万円 8万円 | 1K 19.88m 2,https://suumo.jp/chintai/jnc_000102688000/?bc=100472267857
2026-02-07,2026-02-07T09:21:29,rent,賃貸,100484005271,自由が丘ロイヤルハイツ,東京都世田谷区奥沢6,9.5万,95000.0,,,,,3階 | 9.5万円 9.5万円 | 1LDK 33m 2,https://suumo.jp/chintai/jnc_000048127470/?bc=100484005271
2026-02-07,2026-02-07T09:21:29,rent,賃貸,100486613754,自由が丘ロイヤルハイツ,東京都世田谷区奥沢6,15.5万,155000.0,,,,,4階 | 15.5万円 15.5万円 | 1LDK 48m 2,https://suumo.jp/chintai/jnc_000083984859/?bc=100486613754
2026-02-07,2026-02-07T09:21:29,rent,賃貸,100487753044,緑が丘1丁目戸建て(F邸),東京都目黒区緑が丘1,23.5万,235000.0,,,,,- | 23.5万円 23.5万円 | 3LDK 75.2m 2,https://suumo.jp/chintai/jnc_000089592959/?bc=100487753044
2026-02-07,2026-02-07T09:21:29,rent,賃貸,100436537529,緑が丘1丁目戸建て(F邸),東京都目黒区緑が丘1,23.5万,235000.0,,,,,1-2階 | 23.5万円 23.5万円 | 3LDK 75.2m 2,https://suumo.jp/chintai/jnc_000090210633/?bc=100436537529
2026-02-07,2026-02-07T09:21:29,rent,賃貸,100487824402,プレステージ,東京都目黒区緑が丘3,8.8万,88000.0,,,,,3階 | 8.8万円 8.8万円 | 2K 30m 2,https://suumo.jp/chintai/jnc_000104745180/?bc=100487824402
2026-02-07,2026-02-07T09:21:29,rent,賃貸,100486623861,FLEG自由が丘EL,東京都目黒区緑が丘2,16.8万,168000.0,,,,,2階 | - 16.8万円 | 1DK 40.35m 2,https://suumo.jp/chintai/jnc_000103600210/?bc=100486623861
2026-02-07,2026-02-07T09:21:29,rent,賃貸,100487746511,ベルメゾン自由が丘,東京都世田谷区等々力6,12万,120000.0,,,,,1階 | 12万円 12万円 | 1DK 34.42m 2,https://suumo.jp/chintai/jnc_000104735713/?bc=100487746511
2026-02-07,2026-02-07T09:21:29,rent,賃貸,100487727759,noam,東京都世田谷区奥沢2,8.8万,88000.0,,,,,1階 | - - | ワンルーム 18.87m 2,https://suumo.jp/chintai/jnc_000050259270/?bc=100487727759
2026-02-07,2026-02-07T09:21:29,rent,賃貸,100487460716,サウダージ自由が丘,東京都世田谷区奥沢6,12.4万,124000.0,,,,,1階 | 12.4万円 - | 1K 26.27m 2,https://suumo.jp/chintai/jnc_000104276385/?bc=100487460716
2026-02-07,2026-02-07T09:21:29,rent,賃貸,100486101405,サウダージ自由が丘,東京都世田谷区奥沢6,12.5万,125000.0,,,,,3階 | 12.5万円 - | 1K 26.27m 2,https://suumo.jp/chintai/jnc_000104464715/?bc=100486101405
2026-02-07,2026-02-07T09:21:29,rent,賃貸,100481268656,レジディア自由が丘,東京都目黒区中根1,18万,180000.0,,,,,4階 | 18万円 18万円 | 1LDK 41.96m 2,https://suumo.jp/chintai/jnc_000103324351/?bc=100481268656
2026-02-07,2026-02-07T09:21:29,rent,賃貸,100486699701,レジディア自由が丘,東京都目黒区中根1,26.1万,261000.0,,,,,5階 | 26.1万円 26.1万円 | 2LDK 55.52m 2,https://suumo.jp/chintai/jnc_000104482749/?bc=100486699701
2026-02-07,2026-02-07T09:21:29,rent,賃貸,100482883933,レジディア自由が丘,東京都目黒区中根1,26.5万,265000.0,,,,,3階 | 26.5万円 26.5万円 | 2LDK 54.48m 2,https://suumo.jp/chintai/jnc_000103987432/?bc=100482883933
2026-02-07,2026-02-07T09:21:29,rent,賃貸,100482221044,レジディア自由が丘,東京都目黒区中根1,26.7万,267000.0,,,,,3階 | 26.7万円 26.7万円 | 2LDK 55.52m 2,https://suumo.jp/chintai/jnc_000103987431/?bc=100482221044
2026-02-07,2026-02-07T09:21:29,rent,賃貸,100484814553,レジディア自由が丘,東京都目黒区中根1,29万,290000.0,,,,,9階 | 29万円 29万円 | 2LDK 54.8m 2,https://suumo.jp/chintai/jnc_000104326416/?bc=100484814553
2026-02-07,2026-02-07T09:21:29,rent,賃貸,100486886397,胡桃ガーデン,東京都目黒区中根2,11.5万,115000.0,,,,,2階 | 11.5万円 11.5万円 | 1DK 30.6m 2,https://suumo.jp/chintai/jnc_000104599013/?bc=100486886397
2026-02-07,2026-02-07T09:21:29,rent,賃貸,100398399832,胡桃ガーデン,東京都目黒区中根2,11.5万,115000.0,,,,,2階 | 11.5万円 11.5万円 | 1DK 30.6m 2,https://suumo.jp/chintai/jnc_000090685573/?bc=100398399832
2026-02-07,2026-02-07T09:21:29,rent,賃貸,100486340875,グレイス自由が丘,東京都目黒区自由が丘3,7.6万,76000.0,,,,,1階 | 7.6万円 7.6万円 | 1K 21m 2,https://suumo.jp/chintai/jnc_000104532200/?bc=100486340875
2026-02-07,2026-02-07T09:21:29,rent,賃貸,100486353563,東急東横線 自由が丘駅 2階建 築30年,東京都目黒区自由が丘3,7.6万,76000.0,,,,,1階 | 7.6万円 7.6万円 | 1K 21m 2,https://suumo.jp/chintai/jnc_000104532201/?bc=100486353563
2026-02-07,2026-02-07T09:21:29,rent,賃貸,100487773174,コンフォリア目黒八雲,東京都目黒区八雲1,11.3万,113000.0,,,,,2階 | 11.3万円 - | ワンルーム 27.76m 2,https://suumo.jp/chintai/jnc_000104709122/?bc=100487773174
2026-02-07,2026-02-07T09:21:29,rent,賃貸,100481911151,コンフォリア目黒八雲,東京都目黒区八雲1,16.2万,162000.0,,,,,2階 | 16.2万円 - | 1LDK 38.21m 2,https://suumo.jp/chintai/jnc_000103909022/?bc=100481911151
2026-02-07,2026-02-07T09:21:29,rent,賃貸,100486181802,自由が丘クイーンホームズ,東京都世田谷区奥沢2,35万,350000.0,,,,,B1-2階 | 35万円 35万円 | 3SLDK 124m 2,https://suumo.jp/chintai/jnc_000088218887/?bc=100486181802
2026-02-07,2026-02-07T09:21:29,rent,賃貸,100486413274,自由が丘クイーンホームズ,東京都世田谷区奥沢2,35万,350000.0,,,,,1階 | 35万円 35万円 | 3SLDK 124m 2,https://suumo.jp/chintai/jnc_000104541412/?bc=100486413274
2026-02-07,2026-02-07T09:21:29,rent,賃貸,100484457074,東急東横線 自由が丘駅 地下1地上3階建 築21年,東京都世田谷区奥沢6,12.4万,124000.0,,,,,1階 | 12.4万円 - | 1K 26.27m 2,https://suumo.jp/chintai/jnc_000104286207/?bc=100484457074
2026-02-07,2026-02-07T09:21:29,rent,賃貸,100486468485,東急東横線 自由が丘駅 地下1地上3階建 築21年,東京都世田谷区奥沢6,12.5万,125000.0,,,,,3階 | 12.5万円 - | 1K 26.27m 2,https://suumo.jp/chintai/jnc_000104560381/?bc=100486468485
2026-02-07,2026-02-07T09:21:29,rent,賃貸,100487737297,東急東横線 自由が丘駅 2階建 築45年,東京都目黒区自由が丘2,10.5万,105000.0,,,,,2階 | 10.5万円 10.5万円 | 2K 27.3m 2,https://suumo.jp/chintai/jnc_000096739682/?bc=100487737297
2026-02-07,2026-02-07T09:21:29,rent,賃貸,100486806328,ウェルスクエア自由が丘EAST,東京都世田谷区奥沢2,9.8万,98000.0,,,,,1階 | - 14.7万円 | 1K 23.36m 2,https://suumo.jp/chintai/jnc_000104590682/?bc=100486806328
2026-02-07,2026-02-07T09:21:29,rent,賃貸,100476049420,レジデンス自由が丘3,東京都目黒区自由が丘2,9.5万,95000.0,,,,,1階 | 9.5万円 9.5万円 | 1K 21.4m 2,https://suumo.jp/chintai/jnc_000103169637/?bc=100476049420
2026-02-07,2026-02-07T09:21:29,rent,賃貸,100475562511,レジデンス自由が丘3,東京都目黒区自由が丘2,9.5万,95000.0,,,,,1階 | 9.5万円 9.5万円 | 1K 21.4m 2,https://suumo.jp/chintai/jnc_000104063716/?bc=100475562511
2026-02-07,2026-02-07T09:21:29,rent,賃貸,100487653324,ジョイフル田園調布,東京都世田谷区東玉川2,7万,70000.0,,,,,4階 | 7万円 - | 1K 16.62m 2,https://suumo.jp/chintai/jnc_000104725299/?bc=100487653324
2026-02-07,2026-02-07T09:21:29,rent,賃貸,100469921682,ジョイフル田園調布,東京都世田谷区東玉川2,7万,70000.0,,,,,1階 | 7万円 - | 1K 16.17m 2,https://suumo.jp/chintai/jnc_000102136219/?bc=100469921682
2026-02-07,2026-02-07T09:21:29,rent,賃貸,100467069714,ジョイフル田園調布,東京都世田谷区東玉川2,7万,70000.0,,,,,1階 | 7万円 - | 1K 16.17m 2,https://suumo.jp/chintai/jnc_000102136218/?bc=100467069714
2026-02-07,2026-02-07T09:21:29,rent,賃貸,100467069716,ジョイフル田園調布,東京都世田谷区東玉川2,7万,70000.0,,,,,1階 | 7万円 - | 1K 16.17m 2,https://suumo.jp/chintai/jnc_000102136217/?bc=100467069716
2026-02-07,2026-02-07T09:21:29,rent,賃貸,100487653321,ジョイフル田園調布,東京都世田谷区東玉川2,7.1万,71000.0,,,,,5階 | 7.1万円 - | 1K 16.17m 2,https://suumo.jp/chintai/jnc_000104725300/?bc=100487653321
2026-02-07,2026-02-07T09:21:29,rent,賃貸,100487757709,エスアール自由が丘,東京都世田谷区深沢1,8.2万,82000.0,,,,,5階 | - 8.2万円 | 1K 18.9m 2,https://suumo.jp/chintai/jnc_000104735725/?bc=100487757709
2026-02-07,2026-02-07T09:21:29,rent,賃貸,100487479402,エスアール自由が丘,東京都世田谷区深沢1,14万,140000.0,,,,,2階 | 14万円 14万円 | 1LDK 40.23m 2,https://suumo.jp/chintai/jnc_000104668740/?bc=100487479402
2026-02-07,2026-02-07T09:21:29,rent,賃貸,100487419657,エスアール自由が丘,東京都世田谷区深沢1,17万,170000.0,,,,,6階 | 17万円 17万円 | 1LDK 49.36m 2,https://suumo.jp/chintai/jnc_000104668741/?bc=100487419657
2026-02-07,2026-02-07T09:21:29,rent,賃貸,100486995836,クレイノディアコート,東京都世田谷区奥沢2,12.2万,122000.0,,,,,2階 | - 12.2万円 | 1K 24.63m 2,https://suumo.jp/chintai/jnc_000104608657/?bc=100486995836
2026-02-07,2026-02-07T09:21:29,rent,賃貸,100487498137,THE OAKS自由が丘Luxe,東京都世田谷区奥沢4,12.5万,125000.0,,,,,1-2階 | - 6.25万円 | 1K 30.27m 2,https://suumo.jp/chintai/jnc_000104614777/?bc=100487498137
2026-02-07,2026-02-07T09:21:29,rent,賃貸,100487811022,原口邸,東京都世田谷区奥沢1,35万,350000.0,,,,,1階 | - 52.5万円 | 4LDK 111.3m 2,https://suumo.jp/chintai/jnc_000104148987/?bc=100487811022
2026-02-07,2026-02-07T09:21:29,rent,賃貸,100487714808,東玉川1丁目H邸,東京都世田谷区東玉川1,26.5万,265000.0,,,,,1階 | 26.5万円 26.5万円 | 3LDK 92.4m 2,https://suumo.jp/chintai/jnc_000102448572/?bc=100487714808
2026-02-07,2026-02-07T09:21:29,rent,賃貸,100485359060,東玉川1丁目H邸,東京都世田谷区東玉川1,26.5万,265000.0,,,,,1-2階 | 26.5万円 26.5万円 | 3LDK 92.4m 2,https://suumo.jp/chintai/jnc_000102443661/?bc=100485359060
2026-02-07,2026-02-07T09:21:29,rent,賃貸,100487809804,カーサデルソーレI,東京都世田谷区東玉川1,18.5万,185000.0,,,,,1-2階 | - 18.5万円 | 2LDK 67.7m 2,https://suumo.jp/chintai/jnc_000104745405/?bc=100487809804
2026-02-07,2026-02-07T09:21:29,rent,賃貸,100487765942,カーサデルソーレI,東京都世田谷区東玉川1,18.5万,185000.0,,,,,1-2階 | - 18.5万円 | 2LDK 67.7m 2,https://suumo.jp/chintai/jnc_000104745404/?bc=100487765942
2026-02-07,2026-02-07T09:21:29,rent,賃貸,100486995926,chateau de bliss,東京都世田谷区奥沢2,14.9万,149000.0,,,,,1階 | 14.9万円 14.9万円 | 1LDK 31.7m 2,https://suumo.jp/chintai/jnc_000104608658/?bc=100486995926
2026-02-07,2026-02-07T09:21:29,rent,賃貸,100481333856,chateau de bliss,東京都世田谷区奥沢2,14.9万,149000.0,,,,,3階 | 14.9万円 14.9万円 | 1LDK 31.7m 2,https://suumo.jp/chintai/jnc_000104624331/?bc=100481333856
2026-02-07,2026-02-07T09:21:29,rent,賃貸,100481757717,chateau de bliss,東京都世田谷区奥沢2,15.6万,156000.0,,,,,3階 | 15.6万円 15.6万円 | 1LDK 31.7m 2,https://suumo.jp/chintai/jnc_000104614774/?bc=100481757717
2026-02-07,2026-02-07T09:21:29,rent,賃貸,100481004922,chateau de bliss,東京都世田谷区奥沢2,15.9万,159000.0,,,,,3階 | 15.9万円 15.9万円 | 1LDK 31.7m 2,https://suumo.jp/chintai/jnc_000103833535/?bc=100481004922
2026-02-07,2026-02-07T09:21:29,rent,賃貸,100484965855,TWEED奥沢,東京都世田谷区奥沢1,32.8万,328000.0,,,,,1階 | 32.8万円 - | 1LDK 65.58m 2,https://suumo.jp/chintai/jnc_000104357059/?bc=100484965855
2026-02-07,2026-02-07T09:21:29,rent,賃貸,100487730661,TWEED奥沢,東京都世田谷区奥沢1,33.7万,337000.0,,,,,2階 | 33.7万円 - | 1LDK 64.41m 2,https://suumo.jp/chintai/jnc_000104735623/?bc=100487730661
2026-02-07,2026-02-07T09:21:29,rent,賃貸,100486399661,ヴィクトワール奥沢,東京都世田谷区奥沢3,9万,90000.0,,,,,1階 | 9万円 18万円 | 1K 26.08m 2,https://suumo.jp/chintai/jnc_000082046222/?bc=100486399661
2026-02-07,2026-02-07T09:21:29,rent,賃貸,100487547078,アトリオフラッツ自由が丘east,東京都世田谷区奥沢2,14.5万,145000.0,,,,,1階 | 14.5万円 - | 1K 25.33m 2,https://suumo.jp/chintai/jnc_000104608659/?bc=100487547078
2026-02-07,2026-02-07T09:21:29,rent,賃貸,100487185706,アトリオフラッツ自由が丘east,東京都世田谷区奥沢2,14.5万,145000.0,,,,,1階 | 14.5万円 - | 1K 25.31m 2,https://suumo.jp/chintai/jnc_000104608660/?bc=100487185706
2026-02-07,2026-02-07T09:21:29,rent,賃貸,100487050581,アトリオフラッツ自由が丘east,東京都世田谷区奥沢2,14.8万,148000.0,,,,,2階 | 14.8万円 - | 1K 25.33m 2,https://suumo.jp/chintai/jnc_000104608664/?bc=100487050581
2026-02-07,2026-02-07T09:21:29,rent,賃貸,100487444116,アトリオフラッツ自由が丘east,東京都世田谷区奥沢2,14.8万,148000.0,,,,,2階 | 14.8万円 - | 1K 25.33m 2,https://suumo.jp/chintai/jnc_000104608661/?bc=100487444116
2026-02-07,2026-02-07T09:21:29,rent,賃貸,100487444079,アトリオフラッツ自由が丘east,東京都世田谷区奥沢2,14.8万,148000.0,,,,,2階 | 14.8万円 - | 1K 25.03m 2,https://suumo.jp/chintai/jnc_000104608663/?bc=100487444079
2026-02-07,2026-02-07T09:21:29,rent,賃貸,100487444086,アトリオフラッツ自由が丘east,東京都世田谷区奥沢2,14.8万,148000.0,,,,,2階 | 14.8万円 - | 1K 25.31m 2,https://suumo.jp/chintai/jnc_000104608662/?bc=100487444086
2026-02-07,2026-02-07T09:21:29,rent,賃貸,100487139586,アトリオフラッツ自由が丘east,東京都世田谷区奥沢2,14.8万,148000.0,,,,,1階 | 14.8万円 - | 1K 25.31m 2,https://suumo.jp/chintai/jnc_000104614776/?bc=100487139586
2026-02-07,2026-02-07T09:21:29,rent,賃貸,100487444134,アトリオフラッツ自由が丘east,東京都世田谷区奥沢2,15万,150000.0,,,,,3階 | 15万円 - | 1K 25.33m 2,https://suumo.jp/chintai/jnc_000104608668/?bc=100487444134
2026-02-07,2026-02-07T09:21:29,rent,賃貸,100487444089,アトリオフラッツ自由が丘east,東京都世田谷区奥沢2,15万,150000.0,,,,,3階 | 15万円 - | 1K 25.33m 2,https://suumo.jp/chintai/jnc_000104608665/?bc=100487444089
2026-02-07,2026-02-07T09:21:29,rent,賃貸,100487444122,アトリオフラッツ自由が丘east,東京都世田谷区奥沢2,15万,150000.0,,,,,3階 | 15万円 - | 1K 25.03m 2,https://suumo.jp/chintai/jnc_000104608667/?bc=100487444122
2026-02-07,2026-02-07T09:21:29,rent,賃貸,100487444129,アトリオフラッツ自由が丘east,東京都世田谷区奥沢2,15万,150000.0,,,,,3階 | 15万円 - | 1K 25.31m 2,https://suumo.jp/chintai/jnc_000104608666/?bc=100487444129
2026-02-07,2026-02-07T09:21:29,rent,賃貸,100486962358,アトリオフラッツ自由が丘east,東京都世田谷区奥沢2,15.5万,155000.0,,,,,4階 | 15.5万円 - | 1K 25.33m 2,https://suumo.jp/chintai/jnc_000104608669/?bc=100486962358
2026-02-07,2026-02-07T09:21:29,rent,賃貸,100486962582,アトリオフラッツ自由が丘east,東京都世田谷区奥沢2,15.5万,155000.0,,,,,4階 | 15.5万円 - | 1K 25.33m 2,https://suumo.jp/chintai/jnc_000104608672/?bc=100486962582
2026-02-07,2026-02-07T09:21:29,rent,賃貸,100486962562,アトリオフラッツ自由が丘east,東京都世田谷区奥沢2,15.5万,155000.0,,,,,4階 | 15.5万円 - | 1K 25.03m 2,https://suumo.jp/chintai/jnc_000104608671/?bc=100486962562
2026-02-07,2026-02-07T09:21:29,rent,賃貸,100486962479,アトリオフラッツ自由が丘east,東京都世田谷区奥沢2,15.5万,155000.0,,,,,4階 | 15.5万円 - | 1K 25.31m 2,https://suumo.jp/chintai/jnc_000104608670/?bc=100486962479
2026-02-07,2026-02-07T09:21:29,rent,賃貸,100487506786,ハイテール田園調布,東京都世田谷区東玉川2,9万,90000.0,,,,,1階 | 9万円 9万円 | 1K 28.25m 2,https://suumo.jp/chintai/jnc_000104709276/?bc=100487506786
2026-02-07,2026-02-07T09:21:29,rent,賃貸,100463347942,ルポ・ルアナ,東京都世田谷区奥沢5,11万,110000.0,,,,,1階 | 11万円 11万円 | ワンルーム 28m 2,https://suumo.jp/chintai/jnc_000104668695/?bc=100463347942
2026-02-07,2026-02-07T09:21:29,rent,賃貸,100462370696,ルポ・ルアナ,東京都世田谷区奥沢5,11.5万,115000.0,,,,,3階 | 11.5万円 11.5万円 | 1K 21.79m 2,https://suumo.jp/chintai/jnc_000104412069/?bc=100462370696
2026-02-07,2026-02-07T09:21:29,rent,賃貸,100487590519,AZ HOUSE,東京都世田谷区奥沢4,8万,80000.0,,,,,1階 | 8万円 8万円 | 1K 18.79m 2,https://suumo.jp/chintai/jnc_000104735628/?bc=100487590519
2026-02-07,2026-02-07T09:21:29,rent,賃貸,100487664448,ドミールおくさわ,東京都世田谷区奥沢3,6.7万,67000.0,,,,,1階 | 6.7万円 6.7万円 | 1K 20m 2,https://suumo.jp/chintai/jnc_000099971767/?bc=100487664448
2026-02-07,2026-02-07T09:21:29,rent,賃貸,100479463439,OLIO奥沢,東京都世田谷区奥沢3,7.5万,75000.0,,,,,5階 | 7.5万円 7.5万円 | ワンルーム 19.11m 2,https://suumo.jp/chintai/jnc_000067883390/?bc=100479463439
2026-02-07,2026-02-07T09:21:29,rent,賃貸,100487482096,OLIO奥沢,東京都世田谷区奥沢3,8.8万,88000.0,,,,,5階 | - 8.8万円 | 1K 24.75m 2,https://suumo.jp/chintai/jnc_000104735626/?bc=100487482096
2026-02-07,2026-02-07T09:21:29,rent,賃貸,100486792908,東急目黒線 奥沢駅 2階建 築37年,東京都世田谷区奥沢3,6.7万,67000.0,,,,,1階 | 6.7万円 6.7万円 | 1K 20m 2,https://suumo.jp/chintai/jnc_000099971768/?bc=100486792908
2026-02-07,2026-02-07T09:21:29,rent,賃貸,100486986141,シェソワ奥沢,東京都世田谷区奥沢3,8.5万,85000.0,,,,,1階 | 8.5万円 8.5万円 | 1K 22.64m 2,https://suumo.jp/chintai/jnc_000104582577/?bc=100486986141
2026-02-07,2026-02-07T09:21:29,rent,賃貸,100487812248,ベルデ自由が丘B,東京都世田谷区奥沢5,7.5万,75000.0,,,,,1階 | 7.5万円 - | ワンルーム 22.2m 2,https://suumo.jp/chintai/jnc_000104745324/?bc=100487812248
2026-02-07,2026-02-07T09:21:29,rent,賃貸,100480406186,奥沢エンゼルマンション,東京都世田谷区奥沢4,5万,50000.0,,,,,5階 | 5万円 5万円 | 1K 13.2m 2,https://suumo.jp/chintai/jnc_000103771174/?bc=100480406186
2026-02-07,2026-02-07T09:21:29,rent,賃貸,100473472862,緑が丘ハイツ,東京都世田谷区奥沢2,7.9万,79000.0,,,,,3階 | 7.9万円 7.9万円 | 1K 19.75m 2,https://suumo.jp/chintai/jnc_000102538244/?bc=100473472862
2026-02-07,2026-02-07T09:21:29,rent,賃貸,100487686388,東急目黒線 奥沢駅 3階建 築3年,東京都世田谷区東玉川1,8.7万,87000.0,,,,,1階 | 8.7万円 8.7万円 | 1K 21.89m 2,https://suumo.jp/chintai/jnc_000104725298/?bc=100487686388
2026-02-07,2026-02-07T09:21:29,rent,賃貸,100487796538,クレイノディアコート,東京都世田谷区奥沢2,12.2万,122000.0,,,,,2階 | - 12.2万円 | 1K 24.63m 2,https://suumo.jp/chintai/jnc_000104608657/?bc=100487796538
2026-02-07,2026-02-07T09:21:29,rent,賃貸,100487302349,レオパレスコングラツィア石川台,東京都大田区石川町2,10.1万,101000.0,,,,,2階 | - 10.1万円 | 1K 23.18m 2,https://suumo.jp/chintai/jnc_000102532477/?bc=100487302349
2026-02-07,2026-02-07T09:21:29,rent,賃貸,100487215517,MRレジデンス自由が丘,東京都目黒区自由が丘2,14.5万,145000.0,,,,,2階 | 14.5万円 14.5万円 | 1LDK 38.5m 2,https://suumo.jp/chintai/jnc_000104633794/?bc=100487215517
2026-02-07,2026-02-07T09:21:29,rent,賃貸,100487646797,東急東横線 自由が丘駅 2階建 築15年,東京都目黒区緑が丘2,15.5万,155000.0,,,,,1階 | 15.5万円 15.5万円 | 2DK 44m 2,https://suumo.jp/chintai/jnc_000104689141/?bc=100487646797
2026-02-07,2026-02-07T09:21:29,rent,賃貸,100478804627,自由が丘カントリー倶楽部,東京都世田谷区奥沢5,12.5万,125000.0,,,,,3階 | 12.5万円 12.5万円 | 1K 25.31m 2,https://suumo.jp/chintai/jnc_000102869648/?bc=100478804627
2026-02-07,2026-02-07T09:21:29,rent,賃貸,100485534569,自由が丘カントリー倶楽部,東京都世田谷区奥沢5,13万,130000.0,,,,,2階 | 13万円 13万円 | 1K 26.45m 2,https://suumo.jp/chintai/jnc_000103727489/?bc=100485534569
2026-02-07,2026-02-07T09:21:29,rent,賃貸,100482523613,パークハウス等々力 E棟,東京都世田谷区等々力6,55万,550000.0,,,,,2階 | 55万円 55万円 | 2LDK 104.69m 2,https://suumo.jp/chintai/jnc_000104044329/?bc=100482523613
2026-02-07,2026-02-07T09:21:29,rent,賃貸,100485768976,アジールコート都立大学,東京都目黒区中根1,15.5万,155000.0,,,,,B1階 | 15.5万円 - | 1LDK 30.36m 2,https://suumo.jp/chintai/jnc_000104717713/?bc=100485768976
2026-02-07,2026-02-07T09:21:29,rent,賃貸,100470961768,アジールコート都立大学,東京都目黒区中根1,15.7万,157000.0,,,,,2階 | 15.7万円 - | 1LDK 28.92m 2,https://suumo.jp/chintai/jnc_000104717717/?bc=100470961768
2026-02-07,2026-02-07T09:21:29,rent,賃貸,100470961758,アジールコート都立大学,東京都目黒区中根1,16.2万,162000.0,,,,,1階 | 16.2万円 - | 1LDK 30.36m 2,https://suumo.jp/chintai/jnc_000104717714/?bc=100470961758
2026-02-07,2026-02-07T09:21:29,rent,賃貸,100470961773,アジールコート都立大学,東京都目黒区中根1,16.2万,162000.0,,,,,1階 | 16.2万円 - | 1LDK 30.36m 2,https://suumo.jp/chintai/jnc_000104717715/?bc=100470961773
2026-02-07,2026-02-07T09:21:29,rent,賃貸,100484186740,アジールコート都立大学,東京都目黒区中根1,16.5万,165000.0,,,,,2階 | 16.5万円 - | 1LDK 30.36m 2,https://suumo.jp/chintai/jnc_000104725034/?bc=100484186740
2026-02-07,2026-02-07T09:21:29,rent,賃貸,100484186201,アジールコート都立大学,東京都目黒区中根1,16.5万,165000.0,,,,,2階 | 16.5万円 - | 1LDK 30.36m 2,https://suumo.jp/chintai/jnc_000104717716/?bc=100484186201
2026-02-07,2026-02-07T09:21:29,rent,賃貸,100484186178,アジールコート都立大学,東京都目黒区中根1,16.5万,165000.0,,,,,2階 | 16.5万円 - | 1LDK 30.36m 2,https://suumo.jp/chintai/jnc_000104725033/?bc=100484186178
2026-02-07,2026-02-07T09:21:29,rent,賃貸,100479797834,アジールコート都立大学,東京都目黒区中根1,17.4万,174000.0,,,,,1階 | 17.4万円 - | 1LDK 30.36m 2,https://suumo.jp/chintai/jnc_000103024153/?bc=100479797834
2026-02-07,2026-02-07T09:21:29,rent,賃貸,100471014991,アジールコート都立大学,東京都目黒区中根1,17.7万,177000.0,,,,,2階 | 17.7万円 - | 1LDK 30.36m 2,https://suumo.jp/chintai/jnc_000103546776/?bc=100471014991
2026-02-07,2026-02-07T09:21:29,rent,賃貸,100484186052,アジールコート都立大学,東京都目黒区中根1,17.8万,178000.0,,,,,3階 | 17.8万円 - | 1LDK 30.36m 2,https://suumo.jp/chintai/jnc_000104725035/?bc=100484186052
2026-02-07,2026-02-07T09:21:29,rent,賃貸,100470961771,アジールコート都立大学,東京都目黒区中根1,19.8万,198000.0,,,,,3階 | 19.8万円 - | 1LDK 30.36m 2,https://suumo.jp/chintai/jnc_000104717718/?bc=100470961771
2026-02-07,2026-02-07T09:21:29,rent,賃貸,100479797749,アジールコート都立大学,東京都目黒区中根1,21万,210000.0,,,,,3階 | 21万円 - | 1LDK 30.36m 2,https://suumo.jp/chintai/jnc_000103694931/?bc=100479797749
2026-02-07,2026-02-07T09:21:29,rent,賃貸,100471039735,アジールコート都立大学,東京都目黒区中根1,31万,310000.0,,,,,B1-1階 | 31万円 - | 3LDK 66.18m 2,https://suumo.jp/chintai/jnc_000103024148/?bc=100471039735
2026-02-07,2026-02-07T09:21:29,rent,賃貸,100484186172,アジールコート都立大学,東京都目黒区中根1,31万,310000.0,,,,,B1-1階 | 31万円 - | 3LDK 66.18m 2,https://suumo.jp/chintai/jnc_000103024147/?bc=100484186172
2026-02-07,2026-02-07T09:21:29,rent,賃貸,100484185973,アジールコート都立大学,東京都目黒区中根1,31万,310000.0,,,,,B1-1階 | 31万円 - | 3LDK 66.18m 2,https://suumo.jp/chintai/jnc_000103024149/?bc=100484185973
2026-02-07,2026-02-07T09:21:29,rent,賃貸,100471013278,アジールコート都立大学,東京都目黒区中根1,32.5万,325000.0,,,,,B1-1階 | 32.5万円 - | 3LDK 70.34m 2,https://suumo.jp/chintai/jnc_000103024150/?bc=100471013278
2026-02-07,2026-02-07T09:21:29,rent,賃貸,100471015631,アジールコート都立大学,東京都目黒区中根1,32.5万,325000.0,,,,,B1-1階 | 32.5万円 - | 3LDK 70.34m 2,https://suumo.jp/chintai/jnc_000103024151/?bc=100471015631
2026-02-07,2026-02-07T09:21:29,rent,賃貸,100471087965,アジールコート都立大学,東京都目黒区中根1,33万,330000.0,,,,,B1-1階 | 33万円 - | 3LDK 70.52m 2,https://suumo.jp/chintai/jnc_000103024142/?bc=100471087965
2026-02-07,2026-02-07T09:21:29,rent,賃貸,100471079842,アジールコート都立大学,東京都目黒区中根1,33万,330000.0,,,,,B1-1階 | 33万円 - | 3LDK 70.52m 2,https://suumo.jp/chintai/jnc_000103024143/?bc=100471079842
2026-02-07,2026-02-07T09:21:29,rent,賃貸,100471087984,アジールコート都立大学,東京都目黒区中根1,33万,330000.0,,,,,B1-1階 | 33万円 - | 3LDK 70.52m 2,https://suumo.jp/chintai/jnc_000103024144/?bc=100471087984
2026-02-07,2026-02-07T09:21:29,rent,賃貸,100471077026,アジールコート都立大学,東京都目黒区中根1,34万,340000.0,,,,,B1-1階 | 34万円 - | 3LDK 75.76m 2,https://suumo.jp/chintai/jnc_000103024152/?bc=100471077026
2026-02-07,2026-02-07T09:21:29,rent,賃貸,100471087971,アジールコート都立大学,東京都目黒区中根1,38.6万,386000.0,,,,,2階 | 38.6万円 - | 2SLDK 64.96m 2,https://suumo.jp/chintai/jnc_000103024160/?bc=100471087971
2026-02-07,2026-02-07T09:21:29,rent,賃貸,100471123715,アジールコート都立大学,東京都目黒区中根1,38.7万,387000.0,,,,,3階 | 38.7万円 - | 2SLDK 65.9m 2,https://suumo.jp/chintai/jnc_000103156449/?bc=100471123715
2026-02-07,2026-02-07T09:21:29,rent,賃貸,100484186334,アジールコート都立大学,東京都目黒区中根1,38.7万,387000.0,,,,,2階 | 38.7万円 - | 2SLDK 65.9m 2,https://suumo.jp/chintai/jnc_000103024159/?bc=100484186334
2026-02-07,2026-02-07T09:21:29,rent,賃貸,100484186056,アジールコート都立大学,東京都目黒区中根1,40.9万,409000.0,,,,,3階 | 40.9万円 - | 2SLDK 64.96m 2,https://suumo.jp/chintai/jnc_000103546780/?bc=100484186056
2026-02-07,2026-02-07T09:21:29,rent,賃貸,100484085023,アジールコート都立大学,東京都目黒区中根1,41.7万,417000.0,,,,,3階 | 41.7万円 - | 2SLDK 65.9m 2,https://suumo.jp/chintai/jnc_000103756578/?bc=100484085023
2026-02-07,2026-02-07T09:21:29,rent,賃貸,100487662808,スターレジデンス八雲,東京都目黒区八雲2,30.9万,309000.0,,,,,1階 | 30.9万円 30.9万円 | 3LDK 61.75m 2,https://suumo.jp/chintai/jnc_000095415608/?bc=100487662808
2026-02-07,2026-02-07T09:21:29,rent,賃貸,100487662548,東急東横線 都立大学駅 3階建 築2年,東京都目黒区八雲2,30.9万,309000.0,,,,,1階 | 30.9万円 30.9万円 | 3LDK 61.75m 2,https://suumo.jp/chintai/jnc_000095415615/?bc=100487662548
2026-02-07,2026-02-07T09:21:29,rent,賃貸,100484373995,テラス田園調布,東京都大田区田園調布2,22.5万,225000.0,,,,,2階 | 22.5万円 45万円 | 2LDK 64.17m 2,https://suumo.jp/chintai/jnc_000104229782/?bc=100484373995
2026-02-07,2026-02-07T09:21:29,rent,賃貸,100476806422,奥沢1丁目貸家,東京都世田谷区奥沢1,38.8万,388000.0,,,,,1階 | 38.8万円 38.8万円 | 3LDK 110.25m 2,https://suumo.jp/chintai/jnc_000103352908/?bc=100476806422
2026-02-07,2026-02-07T09:21:29,rent,賃貸,100486345930,ファインルーム自由が丘,東京都世田谷区奥沢5,4.9万,49000.0,,,,,2階 | - - | ワンルーム 8.25m 2,https://suumo.jp/chintai/jnc_000104532329/?bc=100486345930
2026-02-07,2026-02-07T09:21:29,rent,賃貸,100485168616,東玉川1丁目ハウス,東京都世田谷区東玉川1,26.5万,265000.0,,,,,- | 26.5万円 26.5万円 | 3LDK 92.4m 2,https://suumo.jp/chintai/jnc_000102458346/?bc=100485168616
2026-02-07,2026-02-07T09:21:29,rent,賃貸,100481244987,東急目黒線 奥沢駅 地上4階建 築45年,東京都世田谷区奥沢2,16万,160000.0,,,,,4階 | 16万円 16万円 | 2LDK 52.43m 2,https://suumo.jp/chintai/jnc_000103864494/?bc=100481244987
2026-02-07,2026-02-07T09:21:29,rent,賃貸,100475182288,田園調布邸宅,東京都大田区田園調布3,150万,1500000.0,,,,,- | 300万円 150万円 | 5LDK 260.26m 2,https://suumo.jp/chintai/jnc_000103129984/?bc=100475182288
2026-02-07,2026-02-07T09:21:29,rent,賃貸,100480871521,奥沢2丁目戸建,東京都世田谷区奥沢2,52万,520000.0,,,,,- | 52万円 104万円 | 4SLDK 112.83m 2,https://suumo.jp/chintai/jnc_000103792434/?bc=100480871521
2026-02-07,2026-02-07T09:21:29,rent,賃貸,100483152440,東急大井町線 緑が丘駅 2階建 新築,東京都世田谷区奥沢1,140万,1400000.0,,,,,- | 280万円 140万円 | 3SLDK 144.63m 2,https://suumo.jp/chintai/jnc_000104256405/?bc=100483152440
2026-02-07,2026-02-07T09:21:29,rent,賃貸,100483961214,緑が丘戸建,東京都目黒区緑が丘1,35万,350000.0,,,,,1-3階 | 70万円 35万円 | 3LDK 98.94m 2,https://suumo.jp/chintai/jnc_000103674442/?bc=100483961214
2026-02-07,2026-02-07T09:21:29,rent,賃貸,100483991102,緑が丘戸建,東京都目黒区緑が丘1,35万,350000.0,,,,,1-3階 | 70万円 35万円 | 3LDK 98.94m 2,https://suumo.jp/chintai/jnc_000104211438/?bc=100483991102
2026-02-07,2026-02-07T09:21:29,rent,賃貸,100483872961,緑が丘戸建,東京都目黒区緑が丘1,35万,350000.0,,,,,1-3階 | 35万円 35万円 | 3LDK 98.94m 2,https://suumo.jp/chintai/jnc_000104215213/?bc=100483872961
2026-02-07,2026-02-07T09:21:29,rent,賃貸,100486554972,緑が丘戸建,東京都目黒区緑が丘1,35万,350000.0,,,,,1階 | 70万円 35万円 | 3LDK 98.94m 2,https://suumo.jp/chintai/jnc_000104265955/?bc=100486554972
2026-02-07,2026-02-07T09:21:29,rent,賃貸,100486567343,八雲二丁目テラスハウス,東京都目黒区八雲2,27万,270000.0,,,,,- | 27万円 27万円 | 3LDK 68.13m 2,https://suumo.jp/chintai/jnc_000100089007/?bc=100486567343
2026-02-07,2026-02-07T09:21:29,rent,賃貸,100484395487,東急大井町線 緑が丘駅 地上3階建 築18年,東京都目黒区緑が丘1,35万,350000.0,,,,,1階 | 70万円 35万円 | 3LDK 98.94m 2,https://suumo.jp/chintai/jnc_000104211439/?bc=100484395487
2026-02-07,2026-02-07T09:21:29,rent,賃貸,100484327720,東急大井町線 緑が丘駅 地上3階建 築18年,東京都目黒区緑が丘1,35万,350000.0,,,,,1-3階 | 70万円 35万円 | 3LDK 98.94m 2,https://suumo.jp/chintai/jnc_000104276336/?bc=100484327720
2026-02-07,2026-02-07T09:21:29,rent,賃貸,100479001218,奥沢1丁目貸家,東京都世田谷区奥沢1,38.8万,388000.0,,,,,B1-3階 | 38.8万円 38.8万円 | ワンルーム 110.25m 2,https://suumo.jp/chintai/jnc_000103619311/?bc=100479001218
2026-02-07,2026-02-07T09:21:29,rent,賃貸,100470324374,奥沢戸建,東京都世田谷区奥沢2,35万,350000.0,,,,,- | 70万円 35万円 | 1SLDK 126.73m 2,https://suumo.jp/chintai/jnc_000099702064/?bc=100470324374
2026-02-07,2026-02-07T09:21:29,rent,賃貸,100428520622,奥沢戸建,東京都世田谷区奥沢2,35万,350000.0,,,,,1階 | 70万円 35万円 | 1SLDK 126.73m 2,https://suumo.jp/chintai/jnc_000099730863/?bc=100428520622
2026-02-07,2026-02-07T09:21:29,rent,賃貸,100473346857,奥沢戸建,東京都世田谷区奥沢2,35万,350000.0,,,,,B1-2階 | 70万円 35万円 | 1SLDK 126.73m 2,https://suumo.jp/chintai/jnc_000101549123/?bc=100473346857
2026-02-07,2026-02-07T09:21:29,sale,戸建て(新築),78929399,Luxsis 雪が谷大塚Vol.3,東京都世田谷区東玉川1,1億3590万円,135900000.0,97.43,29.472576105221606,1394847.5828800164,4611066.216771015,"{""物件名"": ""Luxsis 雪が谷大塚Vol.3"", ""販売価格"": ""1億3590万円"", ""所在地"": ""東京都世田谷区東玉川1"", ""沿線・駅"": ""東急目黒線「奥沢」徒歩17分"", ""土地面積"": ""97.33m 2 ~97.53m 2"", ""間取り"": ""3LDK+S(納戸)~4LDK"", ""建物面積"": ""118.91m 2 ~119.38m 2""}",https://suumo.jp/ikkodate/tokyo/sc_setagaya/nc_78929399/
2026-02-07,2026-02-07T09:21:29,sale,戸建て(新築),79040627,東玉川1丁目 新築戸建,東京都世田谷区東玉川1,1億5980万円,159800000.0,98.37,29.756926115884728,1624479.0078275895,5370178.336891329,"{""物件名"": ""東玉川1丁目 新築戸建"", ""販売価格"": ""1億5980万円"", ""所在地"": ""東京都世田谷区東玉川1"", ""沿線・駅"": ""東急目黒線「奥沢」徒歩11分"", ""土地面積"": ""98.37m 2"", ""間取り"": ""2LDK+S(納戸)"", ""建物面積"": ""105.33m 2 、うち1階車庫5.45m 2""}",https://suumo.jp/ikkodate/tokyo/sc_setagaya/nc_79040627/
2026-02-07,2026-02-07T09:21:29,sale,戸建て(新築),79039322,【ADCAST PRESENTS♪】奥沢駅&田園調布...,東京都世田谷区東玉川1,1億5980万円,159800000.0,98.37,29.756926115884728,1624479.0078275895,5370178.336891329,"{""物件名"": ""【ADCAST PRESENTS♪】奥沢駅&田園調布..."", ""販売価格"": ""1億5980万円"", ""所在地"": ""東京都世田谷区東玉川1"", ""沿線・駅"": ""東急目黒線「奥沢」徒歩11分"", ""土地面積"": ""98.37m 2 (実測)"", ""間取り"": ""2LDK+S(納戸)"", ""建物面積"": ""105.33m 2 (実測)、うち1階車庫5.45m 2""}",https://suumo.jp/ikkodate/tokyo/sc_setagaya/nc_79039322/
2026-02-07,2026-02-07T09:21:29,sale,戸建て(新築),79073027,限定1棟!洗練と品格が息づく「自由が丘」に住まう、と...,東京都目黒区自由が丘1,1億9199万円,191990000.0,77.05,23.3,2491758.598312784,8239914.163090128,"{""物件名"": ""限定1棟!洗練と品格が息づく「自由が丘」に住まう、と..."", ""販売価格"": ""1億9199万円"", ""所在地"": ""東京都目黒区自由が丘1"", ""沿線・駅"": ""東急目黒線「奥沢」徒歩13分"", ""土地面積"": ""77.05m 2 (23.30坪)"", ""間取り"": ""4LDK"", ""建物面積"": ""133.26m 2 (40.31坪)""}",https://suumo.jp/ikkodate/tokyo/sc_meguro/nc_79073027/
2026-02-07,2026-02-07T09:21:29,sale,戸建て(新築),78923177,,東京都目黒区自由が丘1,1億9199万円,191990000.0,77.05,23.307625874035967,2491758.598312784,8237218.197923427,"{""販売価格"": ""1億9199万円"", ""所在地"": ""東京都目黒区自由が丘1"", ""沿線・駅"": ""東急目黒線「奥沢」徒歩13分"", ""土地面積"": ""77.05m 2 (実測)"", ""間取り"": ""4LDK"", ""建物面積"": ""133.26m 2 (実測)、うち1階車庫13.68m 2""}",https://suumo.jp/ikkodate/tokyo/sc_meguro/nc_78923177/
2026-02-07,2026-02-07T09:21:29,sale,戸建て(新築),20113000,目黒区自由が丘1丁目 新築戸建,東京都目黒区自由が丘1,1億9199万円,191990000.0,77.05,23.307625874035967,2491758.598312784,8237218.197923427,"{""物件名"": ""目黒区自由が丘1丁目 新築戸建"", ""販売価格"": ""1億9199万円"", ""所在地"": ""東京都目黒区自由が丘1"", ""沿線・駅"": ""東急目黒線「奥沢」徒歩13分"", ""土地面積"": ""77.05m 2 (登記)"", ""間取り"": ""4LDK"", ""建物面積"": ""133.26m 2 、うち1階車庫13.26m 2""}",https://suumo.jp/ikkodate/tokyo/sc_meguro/nc_20113000/
2026-02-07,2026-02-07T09:21:29,sale,戸建て(新築),20095726,世田谷区奥沢2丁目 新築戸建,東京都世田谷区奥沢2,2億500万円~2億1000万円,207500000.0,91.76,27.75,2261333.914559721,7477477.477477478,"{""物件名"": ""世田谷区奥沢2丁目 新築戸建"", ""販売価格"": ""2億500万円~2億1000万円"", ""所在地"": ""東京都世田谷区奥沢2"", ""沿線・駅"": ""東急目黒線「奥沢」徒歩3分"", ""土地面積"": ""91.76m 2 (27.75坪)(実測)"", ""間取り"": ""2LDK+S(納戸)"", ""建物面積"": ""157.6m 2 ~161.64m 2 (47.67坪~48.89坪)(実測)""}",https://suumo.jp/ikkodate/tokyo/sc_setagaya/nc_20095726/
2026-02-07,2026-02-07T09:21:29,sale,戸建て(新築),78754942,,東京都世田谷区等々力6,2億2800万円,228000000.0,184.78,55.89,1233899.7727026735,4079441.760601181,"{""販売価格"": ""2億2800万円"", ""所在地"": ""東京都世田谷区等々力6"", ""沿線・駅"": ""東急目黒線「奥沢」徒歩24分"", ""土地面積"": ""184.78m 2 (55.89坪)(実測)"", ""間取り"": ""4LDK+S(納戸)"", ""建物面積"": ""180.83m 2 (54.70坪)(実測)""}",https://suumo.jp/ikkodate/tokyo/sc_setagaya/nc_78754942/
2026-02-07,2026-02-07T09:21:29,sale,戸建て(新築),20010098,Luxsis 奥沢Vol.1,東京都世田谷区奥沢1,2億5990万円,259900000.0,190.01,57.47802715542601,1367822.7461712542,4521727.91695174,"{""物件名"": ""Luxsis 奥沢Vol.1"", ""販売価格"": ""2億5990万円"", ""所在地"": ""東京都世田谷区奥沢1"", ""沿線・駅"": ""東急目黒線「奥沢」徒歩10分"", ""土地面積"": ""190.01m 2"", ""間取り"": ""3LDK+S(納戸)"", ""建物面積"": ""186.67m 2""}",https://suumo.jp/ikkodate/tokyo/sc_setagaya/nc_20010098/
2026-02-07,2026-02-07T09:21:29,sale,戸建て(新築),78779988,◇◆世田谷区奥沢2丁目 新築戸建◆◇,東京都世田谷区奥沢2,8億5000万円,850000000.0,326.44,98.74,2603847.567700037,8608466.680170145,"{""物件名"": ""◇◆世田谷区奥沢2丁目 新築戸建◆◇"", ""販売価格"": ""8億5000万円"", ""所在地"": ""東京都世田谷区奥沢2"", ""沿線・駅"": ""東急目黒線「奥沢」徒歩10分"", ""土地面積"": ""326.44m 2 (98.74坪)"", ""間取り"": ""5LDK+S(納戸)"", ""建物面積"": ""413.38m 2 (125.04坪)""}",https://suumo.jp/ikkodate/tokyo/sc_setagaya/nc_78779988/
2026-02-07,2026-02-07T09:21:29,sale,戸建て(新築),79092166,目黒区自由が丘2丁目,東京都目黒区自由が丘2,未定,,171.12,51.76,,,"{""物件名"": ""目黒区自由が丘2丁目"", ""販売価格"": ""未定"", ""所在地"": ""東京都目黒区自由が丘2"", ""沿線・駅"": ""東急目黒線「奥沢」徒歩14分"", ""土地面積"": ""171.12m 2 (51.76坪)(実測)"", ""間取り"": ""-"", ""建物面積"": ""-""}",https://suumo.jp/tochi/tokyo/sc_meguro/nc_79092166/
2026-02-07,2026-02-07T09:21:29,sale,戸建て(新築),78962578,,東京都世田谷区奥沢2,未定,,320.0,96.78999999999999,,,"{""販売価格"": ""未定"", ""所在地"": ""東京都世田谷区奥沢2"", ""沿線・駅"": ""東急目黒線「奥沢」徒歩5分"", ""土地面積"": ""160m 2 ~480m 2 (48.39坪~145.19坪)"", ""間取り"": ""-"", ""建物面積"": ""-""}",https://suumo.jp/tochi/tokyo/sc_setagaya/nc_78962578/
2026-02-07,2026-02-07T09:21:29,sale,戸建て(新築),79157816,目黒区自由が丘1丁目 新築戸建,東京都目黒区自由が丘1,1億9199万円,191990000.0,77.05,23.3,2491758.598312784,8239914.163090128,"{""物件名"": ""目黒区自由が丘1丁目 新築戸建"", ""販売価格"": ""1億9199万円"", ""所在地"": ""東京都目黒区自由が丘1"", ""沿線・駅"": ""東急目黒線「奥沢」徒歩13分"", ""土地面積"": ""77.05m 2 (23.30坪)(実測)"", ""間取り"": ""4LDK"", ""建物面積"": ""133.26m2(40.31坪)(登記)、うち1階車庫13.68...""}",https://suumo.jp/ikkodate/tokyo/sc_meguro/nc_79157816/
2026-02-07,2026-02-07T09:21:29,sale,戸建て(新築),20035923,【住友不動産の分譲宅地】シティガーデン自由が丘三丁目,東京都目黒区自由が丘3,未定,,107.39500000000001,32.48,,,"{""物件名"": ""【住友不動産の分譲宅地】シティガーデン自由が丘三丁目"", ""販売価格"": ""未定"", ""所在地"": ""東京都目黒区自由が丘3"", ""沿線・駅"": ""東急目黒線「奥沢」徒歩18分"", ""土地面積"": ""107.39m 2 ~107.4m 2 (32.48坪~32.48坪)"", ""間取り"": ""-"", ""建物面積"": ""-""}",https://suumo.jp/tochi/tokyo/sc_meguro/nc_20035923/
2026-02-07,2026-02-07T09:21:29,sale,戸建て(新築),79040252,,東京都世田谷区東玉川1,1億5980万円,159800000.0,98.37,29.75,1624479.0078275895,5371428.571428572,"{""販売価格"": ""1億5980万円"", ""所在地"": ""東京都世田谷区東玉川1"", ""沿線・駅"": ""東急目黒線「奥沢」徒歩12分"", ""土地面積"": ""98.37m 2 (29.75坪)(実測)"", ""間取り"": ""2LDK+S(納戸)"", ""建物面積"": ""105.33m2(31.86坪)(実測)、うち1階車庫5.45...""}",https://suumo.jp/ikkodate/tokyo/sc_setagaya/nc_79040252/
2026-02-07,2026-02-07T09:21:29,sale,戸建て(新築),20113347,,東京都目黒区自由が丘1,1億9199万円,191990000.0,77.05,23.3,2491758.598312784,8239914.163090128,"{""販売価格"": ""1億9199万円"", ""所在地"": ""東京都目黒区自由が丘1"", ""沿線・駅"": ""東急目黒線「奥沢」徒歩13分"", ""土地面積"": ""77.05m 2 (23.30坪)"", ""間取り"": ""4LDK"", ""建物面積"": ""133.26m 2 (40.31坪)""}",https://suumo.jp/ikkodate/tokyo/sc_meguro/nc_20113347/
2026-02-07,2026-02-07T09:21:29,sale,戸建て(新築),20019939,,東京都世田谷区奥沢2,2億1000万円,210000000.0,91.76,27.75,2288578.901482127,7567567.567567567,"{""販売価格"": ""2億1000万円"", ""所在地"": ""東京都世田谷区奥沢2"", ""沿線・駅"": ""東急目黒線「奥沢」徒歩3分"", ""土地面積"": ""91.76m 2 (27.75坪)(実測)"", ""間取り"": ""2LDK+S(納戸)"", ""建物面積"": ""151.17m 2 (45.72坪)(登記)""}",https://suumo.jp/ikkodate/tokyo/sc_setagaya/nc_20019939/
2026-02-07,2026-02-07T09:21:29,sale,戸建て(新築),20018459,,東京都世田谷区奥沢3,1億8800万円,188000000.0,165.3,50.0,1137326.0738052025,3760000.0,"{""販売価格"": ""1億8800万円"", ""所在地"": ""東京都世田谷区奥沢3"", ""沿線・駅"": ""東急目黒線「奥沢」徒歩2分"", ""土地面積"": ""165.3m 2 (50.00坪)(登記)"", ""間取り"": ""-"", ""建物面積"": ""-""}",https://suumo.jp/tochi/tokyo/sc_setagaya/nc_20018459/
2026-02-07,2026-02-07T09:21:29,sale,戸建て(中古),20050926,世田谷区奥沢一丁目戸建,東京都世田谷区奥沢1,1億1980万円,119800000.0,74.77,22.61,1602246.89046409,5298540.468819107,"{""物件名"": ""世田谷区奥沢一丁目戸建"", ""販売価格"": ""1億1980万円"", ""所在地"": ""東京都世田谷区奥沢1"", ""沿線・駅"": ""東急目黒線「奥沢」徒歩11分"", ""土地面積"": ""74.77m 2 (22.61坪)(登記)"", ""間取り"": ""3LDK"", ""建物面積"": ""76.47m 2 (23.13坪)(登記)"", ""築年月"": ""2006年9月""}",https://suumo.jp/chukoikkodate/tokyo/sc_setagaya/nc_20050926/
2026-02-07,2026-02-07T09:21:29,sale,戸建て(中古),79159960,3LDK変更可♪◇2019年築 ALCパネル使用の耐...,東京都世田谷区東玉川1,1億2900万円,129000000.0,94.91,28.71,1359182.3833105047,4493207.941483803,"{""物件名"": ""3LDK変更可♪◇2019年築 ALCパネル使用の耐..."", ""販売価格"": ""1億2900万円"", ""所在地"": ""東京都世田谷区東玉川1"", ""沿線・駅"": ""東急目黒線「奥沢」徒歩15分"", ""土地面積"": ""94.91m 2 (28.71坪)"", ""間取り"": ""2LDK+S(納戸)"", ""建物面積"": ""92.74m 2 (28.05坪)"", ""築年月"": ""2019年12月""}",https://suumo.jp/chukoikkodate/tokyo/sc_setagaya/nc_79159960/
2026-02-07,2026-02-07T09:21:29,sale,戸建て(中古),78551100,「緑が丘」 中古戸建,東京都世田谷区奥沢2,1億3998万円,139980000.0,92.39,27.9479760480491,1515099.0366922827,5008591.669011799,"{""物件名"": ""「緑が丘」 中古戸建"", ""販売価格"": ""1億3998万円"", ""所在地"": ""東京都世田谷区奥沢2"", ""沿線・駅"": ""東急目黒線「奥沢」徒歩10分"", ""土地面積"": ""92.39m 2 (登記)"", ""間取り"": ""3LDK+S(納戸)"", ""建物面積"": ""113.23m 2 (登記)"", ""築年月"": ""2011年10月""}",https://suumo.jp/chukoikkodate/tokyo/sc_setagaya/nc_78551100/
2026-02-07,2026-02-07T09:21:29,sale,戸建て(中古),78765934,【ホームエレベーター付きバリアフリー住宅】室内リフォ...,東京都世田谷区奥沢2,1億3998万円,139980000.0,92.39,27.94,1515099.0366922827,5010021.4745884035,"{""物件名"": ""【ホームエレベーター付きバリアフリー住宅】室内リフォ..."", ""販売価格"": ""1億3998万円"", ""所在地"": ""東京都世田谷区奥沢2"", ""沿線・駅"": ""東急目黒線「奥沢」徒歩10分"", ""土地面積"": ""92.39m 2 (27.94坪)"", ""間取り"": ""3LDK+S(納戸)"", ""建物面積"": ""113.23m 2 (34.25坪)"", ""築年月"": ""2011年10月""}",https://suumo.jp/chukoikkodate/tokyo/sc_setagaya/nc_78765934/
2026-02-07,2026-02-07T09:21:29,sale,戸建て(中古),78936643,奥沢2丁目ホームエレベーター付き戸建,東京都世田谷区奥沢2,1億3998万円,139980000.0,92.39,27.9479760480491,1515099.0366922827,5008591.669011799,"{""物件名"": ""奥沢2丁目ホームエレベーター付き戸建"", ""販売価格"": ""1億3998万円"", ""所在地"": ""東京都世田谷区奥沢2"", ""沿線・駅"": ""東急目黒線「奥沢」徒歩9分"", ""土地面積"": ""92.39m 2 (登記)"", ""間取り"": ""3LDK"", ""建物面積"": ""113.23m 2"", ""築年月"": ""2011年10月""}",https://suumo.jp/chukoikkodate/tokyo/sc_setagaya/nc_78936643/
2026-02-07,2026-02-07T09:21:29,sale,戸建て(中古),78744031,,東京都世田谷区奥沢2,1億4198万円,141980000.0,92.39,27.9479760480491,1536746.401125663,5080153.2016452,"{""販売価格"": ""1億4198万円"", ""所在地"": ""東京都世田谷区奥沢2"", ""沿線・駅"": ""東急目黒線「奥沢」徒歩10分"", ""土地面積"": ""92.39m 2"", ""間取り"": ""3LDK+S(納戸)"", ""建物面積"": ""113.23m 2"", ""築年月"": ""2011年10月""}",https://suumo.jp/chukoikkodate/tokyo/sc_setagaya/nc_78744031/
2026-02-07,2026-02-07T09:21:29,sale,戸建て(中古),78891494,世田谷区奥沢1丁目戸建,東京都世田谷区奥沢1,1億8900万円,189000000.0,122.19,36.96247638609286,1546771.4215565922,5113293.7638104595,"{""物件名"": ""世田谷区奥沢1丁目戸建"", ""販売価格"": ""1億8900万円"", ""所在地"": ""東京都世田谷区奥沢1"", ""沿線・駅"": ""東急目黒線「奥沢」徒歩10分"", ""土地面積"": ""122.19m 2 (登記)"", ""間取り"": ""3LDK+S(納戸)"", ""建物面積"": ""113.94m 2 (登記)"", ""築年月"": ""2024年6月""}",https://suumo.jp/chukoikkodate/tokyo/sc_setagaya/nc_78891494/
2026-02-07,2026-02-07T09:21:29,sale,戸建て(中古),78379631,,東京都世田谷区奥沢2,1億4198万円,141980000.0,92.39,27.9479760480491,1536746.401125663,5080153.2016452,"{""販売価格"": ""1億4198万円"", ""所在地"": ""東京都世田谷区奥沢2"", ""沿線・駅"": ""東急目黒線「奥沢」徒歩9分"", ""土地面積"": ""92.39m 2 (登記)"", ""間取り"": ""3LDK+S(納戸)"", ""建物面積"": ""113.23m 2 (登記)"", ""築年月"": ""2011年10月""}",https://suumo.jp/chukoikkodate/tokyo/sc_setagaya/nc_78379631/
2026-02-07,2026-02-07T09:21:29,sale,戸建て(中古),78670511,,東京都目黒区緑が丘2,1億2300万円,123000000.0,52.93,16.01132560042471,2323823.91838277,7682062.252030985,"{""販売価格"": ""1億2300万円"", ""所在地"": ""東京都目黒区緑が丘2"", ""沿線・駅"": ""東急目黒線「奥沢」徒歩10分"", ""土地面積"": ""52.93m 2 (実測)"", ""間取り"": ""2LDK+S(納戸)"", ""建物面積"": ""78.33m 2"", ""築年月"": ""2024年10月""}",https://suumo.jp/chukoikkodate/tokyo/sc_meguro/nc_78670511/
2026-02-07,2026-02-07T09:21:29,sale,戸建て(中古),78681497,,東京都目黒区緑が丘2,1億2300万円,123000000.0,57.32,17.339300650223773,2145847.8715980463,7093711.706210747,"{""販売価格"": ""1億2300万円"", ""所在地"": ""東京都目黒区緑が丘2"", ""沿線・駅"": ""東急目黒線「奥沢」徒歩10分"", ""土地面積"": ""57.32m 2 (登記)"", ""間取り"": ""2LDK+S(納戸)"", ""建物面積"": ""78.33m 2 (登記)"", ""築年月"": ""2024年10月""}",https://suumo.jp/chukoikkodate/tokyo/sc_meguro/nc_78681497/
2026-02-07,2026-02-07T09:21:29,sale,戸建て(中古),79194966,,東京都世田谷区奥沢2,1億2580万円,125800000.0,113.72,34.4,1106225.8177981006,3656976.7441860465,"{""販売価格"": ""1億2580万円"", ""所在地"": ""東京都世田谷区奥沢2"", ""沿線・駅"": ""東急目黒線「奥沢」徒歩9分"", ""土地面積"": ""113.72m 2 (34.40坪)(登記)"", ""間取り"": ""2LDK+S(納戸)"", ""建物面積"": ""104.04m 2 (31.47坪)"", ""築年月"": ""2004年11月""}",https://suumo.jp/chukoikkodate/tokyo/sc_setagaya/nc_79194966/
2026-02-07,2026-02-07T09:21:29,sale,戸建て(中古),77104789,,東京都目黒区緑が丘3,1億3500万円,135000000.0,124.81,37.75,1081644.0990305264,3576158.940397351,"{""販売価格"": ""1億3500万円"", ""所在地"": ""東京都目黒区緑が丘3"", ""沿線・駅"": ""東急目黒線「奥沢」徒歩10分"", ""土地面積"": ""124.81m 2 (37.75坪)(登記)"", ""間取り"": ""4LDK+S(納戸)"", ""建物面積"": ""121.75m 2 (36.82坪)(登記)"", ""築年月"": ""2001年1月""}",https://suumo.jp/chukoikkodate/tokyo/sc_meguro/nc_77104789/
2026-02-07,2026-02-07T09:21:29,sale,戸建て(中古),78531217,,東京都大田区石川町2,1億3500万円,135000000.0,90.0,27.225001020937537,1500000.0,4958677.5,"{""販売価格"": ""1億3500万円"", ""所在地"": ""東京都大田区石川町2"", ""沿線・駅"": ""東急目黒線「奥沢」徒歩14分"", ""土地面積"": ""90m 2"", ""間取り"": ""4LDK"", ""建物面積"": ""89.94m 2"", ""築年月"": ""2018年7月""}",https://suumo.jp/chukoikkodate/tokyo/sc_ota/nc_78531217/
2026-02-07,2026-02-07T09:21:29,sale,戸建て(中古),78542642,,東京都世田谷区奥沢2,1億3998万円,139980000.0,92.39,27.9479760480491,1515099.0366922827,5008591.669011799,"{""販売価格"": ""1億3998万円"", ""所在地"": ""東京都世田谷区奥沢2"", ""沿線・駅"": ""東急目黒線「奥沢」徒歩9分"", ""土地面積"": ""92.39m 2 (登記)"", ""間取り"": ""3LDK+S(納戸)"", ""建物面積"": ""113.23m 2 (登記)"", ""築年月"": ""2011年10月""}",https://suumo.jp/chukoikkodate/tokyo/sc_setagaya/nc_78542642/
2026-02-07,2026-02-07T09:21:29,sale,戸建て(中古),79149792,,東京都世田谷区奥沢2,1億3998万円,139980000.0,92.39,27.94,1515099.0366922827,5010021.4745884035,"{""販売価格"": ""1億3998万円"", ""所在地"": ""東京都世田谷区奥沢2"", ""沿線・駅"": ""東急目黒線「奥沢」徒歩10分"", ""土地面積"": ""92.39m 2 (27.94坪)(登記)"", ""間取り"": ""3LDK+S(納戸)"", ""建物面積"": ""113.23m 2 (34.25坪)(登記)"", ""築年月"": ""2011年10月""}",https://suumo.jp/chukoikkodate/tokyo/sc_setagaya/nc_79149792/
2026-02-07,2026-02-07T09:21:29,sale,戸建て(中古),78560535,,東京都世田谷区奥沢2,1億3998万円,139980000.0,92.39,27.9479760480491,1515099.0366922827,5008591.669011799,"{""販売価格"": ""1億3998万円"", ""所在地"": ""東京都世田谷区奥沢2"", ""沿線・駅"": ""東急目黒線「奥沢」徒歩10分"", ""土地面積"": ""92.39m 2 (登記)"", ""間取り"": ""3LDK+S(納戸)"", ""建物面積"": ""113.23m 2 (登記)"", ""築年月"": ""2011年10月""}",https://suumo.jp/chukoikkodate/tokyo/sc_setagaya/nc_78560535/
2026-02-07,2026-02-07T09:21:29,sale,戸建て(中古),20018457,,東京都世田谷区奥沢2,1億3998万円,139980000.0,92.39,27.94,1515099.0366922827,5010021.4745884035,"{""販売価格"": ""1億3998万円"", ""所在地"": ""東京都世田谷区奥沢2"", ""沿線・駅"": ""東急目黒線「奥沢」徒歩9分"", ""土地面積"": ""92.39m 2 (27.94坪)(登記)"", ""間取り"": ""3LDK+S(納戸)"", ""建物面積"": ""113.23m 2 (34.25坪)(登記)"", ""築年月"": ""2011年10月""}",https://suumo.jp/chukoikkodate/tokyo/sc_setagaya/nc_20018457/
2026-02-07,2026-02-07T09:21:29,sale,戸建て(中古),20144361,,東京都世田谷区奥沢2,1億3998万円,139980000.0,92.39,27.94,1515099.0366922827,5010021.4745884035,"{""販売価格"": ""1億3998万円"", ""所在地"": ""東京都世田谷区奥沢2"", ""沿線・駅"": ""東急目黒線「奥沢」徒歩10分"", ""土地面積"": ""92.39m 2 (27.94坪)(登記)"", ""間取り"": ""3LDK"", ""建物面積"": ""113.23m 2 (34.25坪)(実測)"", ""築年月"": ""2011年10月""}",https://suumo.jp/chukoikkodate/tokyo/sc_setagaya/nc_20144361/
2026-02-07,2026-02-07T09:21:29,sale,戸建て(中古),78565991,,東京都世田谷区奥沢2,1億3998万円,139980000.0,92.39,27.9479760480491,1515099.0366922827,5008591.669011799,"{""販売価格"": ""1億3998万円"", ""所在地"": ""東京都世田谷区奥沢2"", ""沿線・駅"": ""東急目黒線「奥沢」徒歩9分"", ""土地面積"": ""92.39m 2 (登記)"", ""間取り"": ""3LDK+S(納戸)"", ""建物面積"": ""113.23m 2 (登記)"", ""築年月"": ""2011年10月""}",https://suumo.jp/chukoikkodate/tokyo/sc_setagaya/nc_78565991/
2026-02-07,2026-02-07T09:21:29,sale,戸建て(中古),78885528,,東京都世田谷区奥沢2,1億3998万円,139980000.0,92.39,27.94,1515099.0366922827,5010021.4745884035,"{""販売価格"": ""1億3998万円"", ""所在地"": ""東京都世田谷区奥沢2"", ""沿線・駅"": ""東急目黒線「奥沢」徒歩10分"", ""土地面積"": ""92.39m 2 (27.94坪)(登記)"", ""間取り"": ""3LDK+S(納戸)"", ""建物面積"": ""113.23m 2 (34.25坪)(登記)"", ""築年月"": ""2011年10月""}",https://suumo.jp/chukoikkodate/tokyo/sc_setagaya/nc_78885528/
2026-02-07,2026-02-07T09:21:29,sale,戸建て(中古),78796990,,東京都世田谷区奥沢2,1億3998万円,139980000.0,92.39,27.94,1515099.0366922827,5010021.4745884035,"{""販売価格"": ""1億3998万円"", ""所在地"": ""東京都世田谷区奥沢2"", ""沿線・駅"": ""東急目黒線「奥沢」徒歩10分"", ""土地面積"": ""92.39m 2 (27.94坪)(登記)"", ""間取り"": ""3LDK"", ""建物面積"": ""113.23m 2 (34.25坪)(登記)"", ""築年月"": ""2011年10月""}",https://suumo.jp/chukoikkodate/tokyo/sc_setagaya/nc_78796990/
2026-02-07,2026-02-07T09:21:29,sale,戸建て(中古),78544380,,東京都世田谷区奥沢2,1億3998万円,139980000.0,92.39,27.94,1515099.0366922827,5010021.4745884035,"{""販売価格"": ""1億3998万円"", ""所在地"": ""東京都世田谷区奥沢2"", ""沿線・駅"": ""東急目黒線「奥沢」徒歩10分"", ""土地面積"": ""92.39m 2 (27.94坪)(登記)"", ""間取り"": ""3LDK+S(納戸)"", ""建物面積"": ""113.23m 2 (34.25坪)(登記)"", ""築年月"": ""2011年10月""}",https://suumo.jp/chukoikkodate/tokyo/sc_setagaya/nc_78544380/
2026-02-07,2026-02-07T09:21:29,sale,戸建て(中古),78577956,,東京都世田谷区奥沢2,1億3998万円,139980000.0,92.39,27.94,1515099.0366922827,5010021.4745884035,"{""販売価格"": ""1億3998万円"", ""所在地"": ""東京都世田谷区奥沢2"", ""沿線・駅"": ""東急目黒線「奥沢」徒歩10分"", ""土地面積"": ""92.39m 2 (27.94坪)(登記)"", ""間取り"": ""3LDK"", ""建物面積"": ""113.23m 2 (34.25坪)(登記)"", ""築年月"": ""2011年10月""}",https://suumo.jp/chukoikkodate/tokyo/sc_setagaya/nc_78577956/
2026-02-07,2026-02-07T09:21:29,sale,戸建て(中古),78599914,,東京都世田谷区奥沢2,1億3998万円,139980000.0,92.39,27.94,1515099.0366922827,5010021.4745884035,"{""販売価格"": ""1億3998万円"", ""所在地"": ""東京都世田谷区奥沢2"", ""沿線・駅"": ""東急目黒線「奥沢」徒歩10分"", ""土地面積"": ""92.39m 2 (27.94坪)(登記)"", ""間取り"": ""3LDK+S(納戸)"", ""建物面積"": ""113.23m 2 (34.25坪)(登記)"", ""築年月"": ""2011年10月""}",https://suumo.jp/chukoikkodate/tokyo/sc_setagaya/nc_78599914/
2026-02-07,2026-02-07T09:21:29,sale,戸建て(中古),78758088,,東京都世田谷区奥沢2,1億3998万円,139980000.0,92.39,27.9479760480491,1515099.0366922827,5008591.669011799,"{""販売価格"": ""1億3998万円"", ""所在地"": ""東京都世田谷区奥沢2"", ""沿線・駅"": ""東急目黒線「奥沢」徒歩9分"", ""土地面積"": ""92.39m 2 (登記)"", ""間取り"": ""3LDK+S(納戸)"", ""建物面積"": ""113.23m 2 (登記)"", ""築年月"": ""2011年10月""}",https://suumo.jp/chukoikkodate/tokyo/sc_setagaya/nc_78758088/
2026-02-07,2026-02-07T09:21:29,sale,戸建て(中古),78578132,,東京都世田谷区奥沢2,1億4198万円,141980000.0,92.39,27.94,1536746.401125663,5081603.435934144,"{""販売価格"": ""1億4198万円"", ""所在地"": ""東京都世田谷区奥沢2"", ""沿線・駅"": ""東急目黒線「奥沢」徒歩10分"", ""土地面積"": ""92.39m 2 (27.94坪)"", ""間取り"": ""3LDK+S(納戸)"", ""建物面積"": ""113.23m 2 (34.25坪)"", ""築年月"": ""2011年10月""}",https://suumo.jp/chukoikkodate/tokyo/sc_setagaya/nc_78578132/
2026-02-07,2026-02-07T09:21:29,sale,戸建て(中古),20012908,,東京都世田谷区奥沢1,2億2000万円,220000000.0,150.0,45.37,1466666.6666666667,4849019.17566674,"{""販売価格"": ""2億2000万円"", ""所在地"": ""東京都世田谷区奥沢1"", ""沿線・駅"": ""東急目黒線「奥沢」徒歩11分"", ""土地面積"": ""150m 2 (45.37坪)(登記)"", ""間取り"": ""4LDK"", ""建物面積"": ""185.91m 2 (56.23坪)"", ""築年月"": ""2006年3月""}",https://suumo.jp/chukoikkodate/tokyo/sc_setagaya/nc_20012908/
2026-02-07,2026-02-07T09:21:29,sale,戸建て(中古),77866015,,東京都世田谷区奥沢2,2億7800万円,278000000.0,99.19,30.0,2802701.885270693,9266666.666666666,"{""販売価格"": ""2億7800万円"", ""所在地"": ""東京都世田谷区奥沢2"", ""沿線・駅"": ""東急目黒線「奥沢」徒歩5分"", ""土地面積"": ""99.19m 2 (30.00坪)(登記)"", ""間取り"": ""3LDK"", ""建物面積"": ""98m 2 (29.64坪)(登記)"", ""築年月"": ""2009年6月""}",https://suumo.jp/chukoikkodate/tokyo/sc_setagaya/nc_77866015/
2026-02-07,2026-02-07T09:21:29,sale,戸建て(中古),79056445,,東京都世田谷区奥沢5,3億5000万円,350000000.0,159.26,48.17615180660569,2197664.196910712,7265005.3371844785,"{""販売価格"": ""3億5000万円"", ""所在地"": ""東京都世田谷区奥沢5"", ""沿線・駅"": ""東急目黒線「奥沢」徒歩4分"", ""土地面積"": ""159.26m 2 (実測)"", ""間取り"": ""5LLDDKK+S(納戸)"", ""建物面積"": ""176.36m 2 (登記)"", ""築年月"": ""2022年7月""}",https://suumo.jp/chukoikkodate/tokyo/sc_setagaya/nc_79056445/
2026-02-07,2026-02-07T09:21:29,sale,戸建て(中古),20018451,,東京都大田区田園調布4,3億5800万円,358000000.0,181.52,54.9,1972234.4645218158,6520947.176684882,"{""販売価格"": ""3億5800万円"", ""所在地"": ""東京都大田区田園調布4"", ""沿線・駅"": ""東急目黒線「奥沢」徒歩18分"", ""土地面積"": ""181.52m 2 (54.90坪)(登記)"", ""間取り"": ""5LDK+S(納戸)"", ""建物面積"": ""131.88m 2 (39.89坪)(登記)"", ""築年月"": ""2023年6月""}",https://suumo.jp/chukoikkodate/tokyo/sc_ota/nc_20018451/
2026-02-07,2026-02-07T09:21:29,sale,土地,79059173,◇◆世田谷区奥沢2丁目 条件無し売地◆◇,東京都世田谷区奥沢2,2億2500万円・2億7500万円,225000000.0,163.505,49.46,1376104.7062780955,4549130.61059442,"{""物件名"": ""◇◆世田谷区奥沢2丁目 条件無し売地◆◇"", ""販売価格"": ""2億2500万円・2億7500万円"", ""所在地"": ""東京都世田谷区奥沢2"", ""沿線・駅"": ""東急目黒線「奥沢」徒歩10分"", ""土地面積"": ""161.72m 2 ・165.29m 2 (48.92坪・50.00坪)"", ""坪単価"": ""-"", ""建ぺい率・容積率"": ""建ぺい率50%、容積率100%""}",https://suumo.jp/tochi/tokyo/sc_setagaya/nc_79059173/
2026-02-07,2026-02-07T09:21:29,sale,土地,79013895,目黒区自由が丘1丁目 土地1区画,東京都目黒区自由が丘1,2億5800万円,258000000.0,148.28,44.854701682051314,1739951.443215538,5751905.381710278,"{""物件名"": ""目黒区自由が丘1丁目 土地1区画"", ""販売価格"": ""2億5800万円"", ""所在地"": ""東京都目黒区自由が丘1"", ""沿線・駅"": ""東急目黒線「奥沢」徒歩16分"", ""土地面積"": ""148.28m 2 (実測)"", ""坪単価"": ""575.2万円/坪"", ""建ぺい率・容積率"": ""60%・150%""}",https://suumo.jp/tochi/tokyo/sc_meguro/nc_79013895/
2026-02-07,2026-02-07T09:21:29,sale,土地,20114607,目黒区中根2丁目 土地,東京都目黒区中根2,7億円,700000000.0,436.49,132.03,1603702.2612201883,5301825.342725138,"{""物件名"": ""目黒区中根2丁目 土地"", ""販売価格"": ""7億円"", ""所在地"": ""東京都目黒区中根2"", ""沿線・駅"": ""東急目黒線「奥沢」徒歩18分"", ""土地面積"": ""436.49m 2 (132.03坪)(実測)"", ""坪単価"": ""530.2万円/坪"", ""建ぺい率・容積率"": ""50%・100%""}",https://suumo.jp/tochi/tokyo/sc_meguro/nc_20114607/
2026-02-07,2026-02-07T09:21:29,sale,土地,79092166,目黒区自由が丘2丁目,東京都目黒区自由が丘2,未定,,171.12,51.76,,,"{""物件名"": ""目黒区自由が丘2丁目"", ""販売価格"": ""未定"", ""所在地"": ""東京都目黒区自由が丘2"", ""沿線・駅"": ""東急目黒線「奥沢」徒歩14分"", ""土地面積"": ""171.12m 2 (51.76坪)(実測)"", ""坪単価"": ""-"", ""建ぺい率・容積率"": ""建ペい率:60%、容積率:150%""}",https://suumo.jp/tochi/tokyo/sc_meguro/nc_79092166/
2026-02-07,2026-02-07T09:21:29,sale,土地,78962578,,東京都世田谷区奥沢2,未定,,320.0,96.78999999999999,,,"{""販売価格"": ""未定"", ""所在地"": ""東京都世田谷区奥沢2"", ""沿線・駅"": ""東急目黒線「奥沢」徒歩5分"", ""土地面積"": ""160m 2 ~480m 2 (48.39坪~145.19坪)"", ""坪単価"": ""-"", ""建ぺい率・容積率"": ""建ペい率:50%、容積率:100%""}",https://suumo.jp/tochi/tokyo/sc_setagaya/nc_78962578/
2026-02-07,2026-02-07T09:21:29,sale,土地,79020958,世田谷区奥沢1丁目 土地,東京都世田谷区奥沢1,未定,,117.72,35.605000000000004,,,"{""物件名"": ""世田谷区奥沢1丁目 土地"", ""販売価格"": ""未定"", ""所在地"": ""東京都世田谷区奥沢1"", ""沿線・駅"": ""東急目黒線「奥沢」徒歩13分"", ""土地面積"": ""112.79m 2 ~122.65m 2 (34.11坪~37.10坪)(実測)"", ""坪単価"": ""-"", ""建ぺい率・容積率"": ""建ペい率:50%、容積率:100%""}",https://suumo.jp/tochi/tokyo/sc_setagaya/nc_79020958/
2026-02-07,2026-02-07T09:21:29,sale,土地,20065931,予告広告 奥沢売地,東京都世田谷区奥沢1,1億1980万円~2億3960万円(予定),179700000.0,150.37,45.48692670575975,1195052.20456208,3950585.6520582563,"{""物件名"": ""予告広告 奥沢売地"", ""販売価格"": ""1億1980万円~2億3960万円(予定)"", ""所在地"": ""東京都世田谷区奥沢1"", ""沿線・駅"": ""東急目黒線「奥沢」徒歩5分"", ""土地面積"": ""100.18m 2 ~200.56m 2 (実測)"", ""坪単価"": ""-"", ""建ぺい率・容積率"": ""建ペい率:50%、容積率:100%""}",https://suumo.jp/tochi/tokyo/sc_setagaya/nc_20065931/
2026-02-07,2026-02-07T09:21:29,sale,土地,78824672,世田谷区奥沢1丁目 土地 全2区画【世田谷区奥沢 第...,東京都世田谷区奥沢1,1億2980万円,129800000.0,100.14,30.29,1296185.3405232674,4285242.654341367,"{""物件名"": ""世田谷区奥沢1丁目 土地 全2区画【世田谷区奥沢 第..."", ""販売価格"": ""1億2980万円"", ""所在地"": ""東京都世田谷区奥沢1"", ""沿線・駅"": ""東急目黒線「奥沢」徒歩12分"", ""土地面積"": ""100.11m 2 ・100.17m 2 (30.28坪・30.30坪)(実測)"", ""坪単価"": ""-"", ""建ぺい率・容積率"": ""50%/100%""}",https://suumo.jp/tochi/tokyo/sc_setagaya/nc_78824672/
2026-02-07,2026-02-07T09:21:29,sale,土地,20029173,目黒線「奥沢」2分の駅近物件 3路線2駅利用可能 南...,東京都世田谷区奥沢5,1億8800万円,188000000.0,99.16,29.99,1895925.7765227915,6268756.252084028,"{""物件名"": ""目黒線「奥沢」2分の駅近物件 3路線2駅利用可能 南..."", ""販売価格"": ""1億8800万円"", ""所在地"": ""東京都世田谷区奥沢5"", ""沿線・駅"": ""東急目黒線「奥沢」徒歩2分"", ""土地面積"": ""99.16m 2 (29.99坪)"", ""坪単価"": ""626.8万円/坪"", ""建ぺい率・容積率"": ""60%・150%""}",https://suumo.jp/tochi/tokyo/sc_setagaya/nc_20029173/
2026-02-07,2026-02-07T09:21:29,sale,土地,20081577,世田谷区奥沢1丁目 土地,東京都世田谷区奥沢1,2億5960万円,259600000.0,200.28,60.58,1296185.3405232674,4285242.654341367,"{""物件名"": ""世田谷区奥沢1丁目 土地"", ""販売価格"": ""2億5960万円"", ""所在地"": ""東京都世田谷区奥沢1"", ""沿線・駅"": ""東急目黒線「奥沢」徒歩12分"", ""土地面積"": ""200.28m 2 (60.58坪)(実測)"", ""坪単価"": ""428.5万円/坪"", ""建ぺい率・容積率"": ""50%・100%""}",https://suumo.jp/tochi/tokyo/sc_setagaya/nc_20081577/
2026-02-07,2026-02-07T09:21:29,sale,土地,20107736,大田区田園調布3丁目/土地/田園調布駅徒歩1分♪,東京都大田区田園調布3,5億4800万円,548000000.0,269.54,81.53,2033093.4184165613,6721452.226174414,"{""物件名"": ""大田区田園調布3丁目/土地/田園調布駅徒歩1分♪"", ""販売価格"": ""5億4800万円"", ""所在地"": ""東京都大田区田園調布3"", ""沿線・駅"": ""東急目黒線「奥沢」徒歩17分"", ""土地面積"": ""269.54m 2 (81.53坪)(実測)"", ""坪単価"": ""672.2万円/坪"", ""建ぺい率・容積率"": ""建ペい率:40%、容積率:80%""}",https://suumo.jp/tochi/tokyo/sc_ota/nc_20107736/
2026-02-07,2026-02-07T09:21:29,sale,土地,20035923,【住友不動産の分譲宅地】シティガーデン自由が丘三丁目,東京都目黒区自由が丘3,未定,,107.39500000000001,32.48,,,"{""物件名"": ""【住友不動産の分譲宅地】シティガーデン自由が丘三丁目"", ""販売価格"": ""未定"", ""所在地"": ""東京都目黒区自由が丘3"", ""沿線・駅"": ""東急目黒線「奥沢」徒歩18分"", ""土地面積"": ""107.39m 2 ~107.4m 2 (32.48坪~32.48坪)"", ""坪単価"": ""-"", ""建ぺい率・容積率"": ""建ぺい率:50%、容積率:100%""}",https://suumo.jp/tochi/tokyo/sc_meguro/nc_20035923/
2026-02-07,2026-02-07T09:21:29,sale,土地,78321986,,東京都目黒区緑が丘1,9980万円,99800000.0,62.72,18.972800711480026,1591198.9795918367,5260161.71875,"{""販売価格"": ""9980万円"", ""所在地"": ""東京都目黒区緑が丘1"", ""沿線・駅"": ""東急目黒線「奥沢」徒歩11分"", ""土地面積"": ""62.72m 2"", ""坪単価"": ""526.1万円/坪"", ""建ぺい率・容積率"": ""60%・200%""}",https://suumo.jp/tochi/tokyo/sc_meguro/nc_78321986/
2026-02-07,2026-02-07T09:21:29,sale,土地,79038619,,東京都世田谷区奥沢6,2億6480万円,264800000.0,145.51,44.01,1819806.1988866746,6016814.360372643,"{""販売価格"": ""2億6480万円"", ""所在地"": ""東京都世田谷区奥沢6"", ""沿線・駅"": ""東急目黒線「奥沢」徒歩11分"", ""土地面積"": ""145.51m 2 (44.01坪)(実測)"", ""坪単価"": ""601.6万円/坪"", ""建ぺい率・容積率"": ""60%・200%""}",https://suumo.jp/tochi/tokyo/sc_setagaya/nc_79038619/
2026-02-07,2026-02-07T09:21:29,sale,土地,20040795,,東京都世田谷区東玉川1,5990万円,59900000.0,72.38,21.894950821060654,827576.6786405084,2735790.5705996132,"{""販売価格"": ""5990万円"", ""所在地"": ""東京都世田谷区東玉川1"", ""沿線・駅"": ""東急目黒線「奥沢」徒歩16分"", ""土地面積"": ""72.38m 2"", ""坪単価"": ""273.6万円/坪"", ""建ぺい率・容積率"": ""建ペい率:50%(※準防火地域内の準耐...""}",https://suumo.jp/tochi/tokyo/sc_setagaya/nc_20040795/
2026-02-07,2026-02-07T09:21:29,sale,土地,20142425,,東京都大田区田園調布2,9180万円,91800000.0,79.82,24.14,1150087.6973189677,3802816.9014084507,"{""販売価格"": ""9180万円"", ""所在地"": ""東京都大田区田園調布2"", ""沿線・駅"": ""東急目黒線「奥沢」徒歩17分"", ""土地面積"": ""79.82m 2 (24.14坪)(登記)"", ""坪単価"": ""380.2万円/坪"", ""建ぺい率・容積率"": ""50%・100%""}",https://suumo.jp/tochi/tokyo/sc_ota/nc_20142425/
2026-02-07,2026-02-07T09:21:29,sale,土地,79105323,,東京都世田谷区奥沢6,9480万円,94800000.0,69.29,20.96,1368162.794053976,4522900.763358778,"{""販売価格"": ""9480万円"", ""所在地"": ""東京都世田谷区奥沢6"", ""沿線・駅"": ""東急目黒線「奥沢」徒歩11分"", ""土地面積"": ""69.29m 2 (20.96坪)(登記)"", ""坪単価"": ""452.3万円/坪"", ""建ぺい率・容積率"": ""50%・100%""}",https://suumo.jp/tochi/tokyo/sc_setagaya/nc_79105323/
2026-02-07,2026-02-07T09:21:29,sale,土地,20109897,,東京都世田谷区奥沢1,1億1980万円,119800000.0,86.34,26.11,1387537.6418809358,4588280.35235542,"{""販売価格"": ""1億1980万円"", ""所在地"": ""東京都世田谷区奥沢1"", ""沿線・駅"": ""東急目黒線「奥沢」徒歩9分"", ""土地面積"": ""86.34m 2 (26.11坪)(登記)"", ""坪単価"": ""458.7万円/坪"", ""建ぺい率・容積率"": ""50%・100%""}",https://suumo.jp/tochi/tokyo/sc_setagaya/nc_20109897/
2026-02-07,2026-02-07T09:21:29,sale,土地,20026491,,東京都世田谷区奥沢1,1億2800万円,128000000.0,106.9,32.33,1197380.729653882,3959171.0485617076,"{""販売価格"": ""1億2800万円"", ""所在地"": ""東京都世田谷区奥沢1"", ""沿線・駅"": ""東急目黒線「奥沢」徒歩7分"", ""土地面積"": ""106.9m 2 (32.33坪)(実測)"", ""坪単価"": ""395.9万円/坪"", ""建ぺい率・容積率"": ""60%・100%""}",https://suumo.jp/tochi/tokyo/sc_setagaya/nc_20026491/
2026-02-07,2026-02-07T09:21:29,sale,土地,20018458,,東京都世田谷区奥沢2,1億3998万円,139980000.0,92.39,27.94,1515099.0366922827,5010021.4745884035,"{""販売価格"": ""1億3998万円"", ""所在地"": ""東京都世田谷区奥沢2"", ""沿線・駅"": ""東急目黒線「奥沢」徒歩9分"", ""土地面積"": ""92.39m 2 (27.94坪)(登記)"", ""坪単価"": ""500.9万円/坪"", ""建ぺい率・容積率"": ""60%・200%""}",https://suumo.jp/tochi/tokyo/sc_setagaya/nc_20018458/
2026-02-07,2026-02-07T09:21:29,sale,土地,78785675,,東京都世田谷区奥沢1,1億4800万円,148000000.0,103.94,31.44,1423898.4029247642,4707379.134860051,"{""販売価格"": ""1億4800万円"", ""所在地"": ""東京都世田谷区奥沢1"", ""沿線・駅"": ""東急目黒線「奥沢」徒歩8分"", ""土地面積"": ""103.94m 2 (31.44坪)(登記)"", ""坪単価"": ""470.8万円/坪"", ""建ぺい率・容積率"": ""50%・100%""}",https://suumo.jp/tochi/tokyo/sc_setagaya/nc_78785675/
2026-02-07,2026-02-07T09:21:29,sale,土地,78564177,,東京都世田谷区東玉川1,1億5400万円,154000000.0,165.25,49.98,931921.3313161876,3081232.4929971993,"{""販売価格"": ""1億5400万円"", ""所在地"": ""東京都世田谷区東玉川1"", ""沿線・駅"": ""東急目黒線「奥沢」徒歩16分"", ""土地面積"": ""165.25m 2 (49.98坪)(登記)"", ""坪単価"": ""308.1万円/坪"", ""建ぺい率・容積率"": ""50%・100%""}",https://suumo.jp/tochi/tokyo/sc_setagaya/nc_78564177/
2026-02-07,2026-02-07T09:21:29,sale,土地,79137908,,東京都世田谷区奥沢5,1億5800万円,158000000.0,33.05,9.99,4780635.400907716,15815815.815815816,"{""販売価格"": ""1億5800万円"", ""所在地"": ""東京都世田谷区奥沢5"", ""沿線・駅"": ""東急目黒線「奥沢」徒歩2分"", ""土地面積"": ""33.05m 2 (9.99坪)(登記)"", ""坪単価"": ""1580.4万円/坪"", ""建ぺい率・容積率"": ""80%・300%""}",https://suumo.jp/tochi/tokyo/sc_setagaya/nc_79137908/
2026-02-07,2026-02-07T09:21:29,sale,土地,20126145,,東京都世田谷区奥沢1,1億6480万円,164800000.0,115.59,34.96597631122411,1425728.8692793495,4713153.110130634,"{""販売価格"": ""1億6480万円"", ""所在地"": ""東京都世田谷区奥沢1"", ""沿線・駅"": ""東急目黒線「奥沢」徒歩7分"", ""土地面積"": ""115.59m 2"", ""坪単価"": ""471.4万円/坪"", ""建ぺい率・容積率"": ""50%・100%""}",https://suumo.jp/tochi/tokyo/sc_setagaya/nc_20126145/
2026-02-07,2026-02-07T09:21:29,sale,土地,79000026,,東京都世田谷区奥沢5,1億8800万円,188000000.0,99.16,29.995901124846288,1895925.7765227915,6267522.993142397,"{""販売価格"": ""1億8800万円"", ""所在地"": ""東京都世田谷区奥沢5"", ""沿線・駅"": ""東急目黒線「奥沢」徒歩2分"", ""土地面積"": ""99.16m 2"", ""坪単価"": ""626.8万円/坪"", ""建ぺい率・容積率"": ""60%・150%""}",https://suumo.jp/tochi/tokyo/sc_setagaya/nc_79000026/
2026-02-07,2026-02-07T09:21:29,sale,土地,78973988,,東京都世田谷区奥沢5,1億8800万円,188000000.0,99.16,29.995901124846288,1895925.7765227915,6267522.993142397,"{""販売価格"": ""1億8800万円"", ""所在地"": ""東京都世田谷区奥沢5"", ""沿線・駅"": ""東急目黒線「奥沢」徒歩2分"", ""土地面積"": ""99.16m 2"", ""坪単価"": ""626.8万円/坪"", ""建ぺい率・容積率"": ""60%・150%""}",https://suumo.jp/tochi/tokyo/sc_setagaya/nc_78973988/
2026-02-07,2026-02-07T09:21:29,sale,土地,79005469,,東京都世田谷区奥沢5,1億8800万円,188000000.0,99.16,29.995901124846288,1895925.7765227915,6267522.993142397,"{""販売価格"": ""1億8800万円"", ""所在地"": ""東京都世田谷区奥沢5"", ""沿線・駅"": ""東急目黒線「奥沢」徒歩2分"", ""土地面積"": ""99.16m 2"", ""坪単価"": ""626.8万円/坪"", ""建ぺい率・容積率"": ""60%・150%""}",https://suumo.jp/tochi/tokyo/sc_setagaya/nc_79005469/
2026-02-07,2026-02-07T09:21:29,sale,土地,78967589,,東京都世田谷区奥沢5,1億8800万円,188000000.0,99.16,29.995901124846288,1895925.7765227915,6267522.993142397,"{""販売価格"": ""1億8800万円"", ""所在地"": ""東京都世田谷区奥沢5"", ""沿線・駅"": ""東急目黒線「奥沢」徒歩2分"", ""土地面積"": ""99.16m 2"", ""坪単価"": ""626.8万円/坪"", ""建ぺい率・容積率"": ""60%・160%""}",https://suumo.jp/tochi/tokyo/sc_setagaya/nc_78967589/
2026-02-07,2026-02-07T09:21:29,sale,土地,20018459,,東京都世田谷区奥沢3,1億8800万円,188000000.0,165.3,50.0,1137326.0738052025,3760000.0,"{""販売価格"": ""1億8800万円"", ""所在地"": ""東京都世田谷区奥沢3"", ""沿線・駅"": ""東急目黒線「奥沢」徒歩2分"", ""土地面積"": ""165.3m 2 (50.00坪)(登記)"", ""坪単価"": ""376.0万円/坪"", ""建ぺい率・容積率"": ""50%・100%""}",https://suumo.jp/tochi/tokyo/sc_setagaya/nc_20018459/
2026-02-07,2026-02-07T09:21:29,sale,土地,78144980,,東京都世田谷区奥沢1,1億9800万円,198000000.0,194.04,58.69710220114133,1020408.1632653062,3373250.0000000005,"{""販売価格"": ""1億9800万円"", ""所在地"": ""東京都世田谷区奥沢1"", ""沿線・駅"": ""東急目黒線「奥沢」徒歩11分"", ""土地面積"": ""194.04m 2 (登記)"", ""坪単価"": ""337.4万円/坪"", ""建ぺい率・容積率"": ""50%・100%""}",https://suumo.jp/tochi/tokyo/sc_setagaya/nc_78144980/
2026-02-07,2026-02-07T09:21:29,sale,土地,79168144,,東京都目黒区緑が丘1,2億1650万円~2億1950万円,218000000.0,128.76999999999998,38.945,1692940.9023840958,5597637.694184106,"{""販売価格"": ""2億1650万円~2億1950万円"", ""所在地"": ""東京都目黒区緑が丘1"", ""沿線・駅"": ""東急目黒線「奥沢」徒歩14分"", ""土地面積"": ""128.76m 2 ~128.78m 2 (38.94坪~38.95坪)(実測)"", ""坪単価"": ""-"", ""建ぺい率・容積率"": ""建ペい率:60%、容積率:150%""}",https://suumo.jp/tochi/tokyo/sc_meguro/nc_79168144/
2026-02-07,2026-02-07T09:21:29,sale,土地,78803299,,東京都世田谷区奥沢2,2億5980万円,259800000.0,196.26,59.36865222632445,1323754.2036074596,4376046.789972486,"{""販売価格"": ""2億5980万円"", ""所在地"": ""東京都世田谷区奥沢2"", ""沿線・駅"": ""東急目黒線「奥沢」徒歩9分"", ""土地面積"": ""196.26m 2 (実測)"", ""坪単価"": ""437.7万円/坪"", ""建ぺい率・容積率"": ""50%・100%""}",https://suumo.jp/tochi/tokyo/sc_setagaya/nc_78803299/
2026-02-07,2026-02-07T09:21:29,sale,土地,20018452,,東京都大田区田園調布4,3億5800万円,358000000.0,181.52,54.9,1972234.4645218158,6520947.176684882,"{""販売価格"": ""3億5800万円"", ""所在地"": ""東京都大田区田園調布4"", ""沿線・駅"": ""東急目黒線「奥沢」徒歩18分"", ""土地面積"": ""181.52m 2 (54.90坪)(登記)"", ""坪単価"": ""652.0万円/坪"", ""建ぺい率・容積率"": ""40%・80%""}",https://suumo.jp/tochi/tokyo/sc_ota/nc_20018452/
2026-02-07,2026-02-07T09:21:29,sale,土地,20118642,,東京都目黒区中根2,7億円,700000000.0,436.49,132.03,1603702.2612201883,5301825.342725138,"{""販売価格"": ""7億円"", ""所在地"": ""東京都目黒区中根2"", ""沿線・駅"": ""東急目黒線「奥沢」徒歩16分"", ""土地面積"": ""436.49m 2 (132.03坪)(登記)"", ""坪単価"": ""530.2万円/坪"", ""建ぺい率・容積率"": ""50%・100%""}",https://suumo.jp/tochi/tokyo/sc_meguro/nc_20118642/
